Workbook
Name SegmentaciónDeDatos_campaña2: #N/A
Name SegmentaciónDeDatos_cola: #N/A
Name SegmentaciónDeDatos_Crm: #N/A
Name SegmentaciónDeDatos_Direccion2: #N/A
Name SegmentaciónDeDatos_fecha_real: #N/A
Name SegmentaciónDeDatos_fecha_real2: #N/A

Sheet info
A1: fecha real | B1: Linea | C1: Direccion | D1: campaña | E1: Conexión | F1: Crm | G1: cola | H1: hora de contacta | I1: Matriculado | J1: Fecha | K1: Id. llamada | L1: Dispositivo | M1: Servidor | N1: Placa | O1: Slot | P1: Aplicación | Q1: Id. Aplicación | R1: Usuario | S1: Cola | T1: Estado | U1: Sub-Estado | V1: Inicio | W1: Conexión | X1: Fin | Y1: DNIS | Z1: ANI/Teléfono | AA1: Dirección | AB1: Tipo Grabación | AC1: Grabación | AD1: Grabación Depurada | AE1: Tipo | AF1: País/Provincia | AG1: Ciudad/Localidad | AH1: Costo | AI1: Precio | AJ1: Importe Costo | AK1: Importe Precio | AL1: Proveedor | AM1: Detalle | AN1: Duración | AO1: TIPO_DISCADOR | AP1: CRM | AQ1: Base | AR1: Id. Contacto | AS1: Datos | AT1: Log | AU1: Sub-Partes
A2: =+CONCATENATE(DAY(V2),"/",MONTH(V2),"/",YEAR(V2),"")*1 -> 46146 | B2: =+Z2*1 -> 3543319994 | C2: =+AA2 -> ENTRANTE | D2: =VLOOKUP(Q2,Code!E:F,2,0) -> Admisiones | E2: Conectadas | F2: =+AP2 -> 37 | G2: =+S2 -> 26 | H2: =+HOUR(V2) -> 9 | I2: =IFERROR(VLOOKUP(B2,MATRICULAS!A:B,2,0),0)*1 -> 0 | J2: 20260504 | K2: 149043905 | L2: SERVICIOS_SIP | M2: NEO1 | N2: 0 | O2: 0 | P2: CAMPAÑA | Q2: 150 | R2: 8861 - Caceres, Martina | S2: 26 | T2: ANSWER | U2: AGENT | V2: 46146.382 | W2: 46146.382 | X2: 46146.384 | Y2: 01152741410 | Z2: 3543319994 | AA2: ENTRANTE | AB2: FULL | AC2: 3543319994-149043905-20260504090926.mp3 | AE2: NAC-FIJO | AF2: CORDOBA | AG2: ARGÜELLO | AH2: 0 | AI2: 0 | AJ2: 0 | AK2: 0 | AL2: BL | AM2: 3 | AN2: 182 | AO2: NotSet | AP2: 37 | AQ2: 1 | AR2: 2486505 | AT2: |0||SIP/SERVICIOS_SIP-00000ad8|1777896600.2781|16:Normal Clearing|16:PBX|4||-1|NotSet|
A3: =+CONCATENATE(DAY(V3),"/",MONTH(V3),"/",YEAR(V3),"")*1 -> 46146 | B3: =+Z3*1 -> 2994621296 | C3: =+AA3 -> ENTRANTE | D3: =VLOOKUP(Q3,Code!E:F,2,0) -> Admisiones | E3: Conectadas | F3: =+AP3 -> 37 | G3: =+S3 -> 26 | H3: =+HOUR(V3) -> 9 | I3: =IFERROR(VLOOKUP(B3,MATRICULAS!A:B,2,0),0)*1 -> 0 | J3: 20260504 | K3: 149044343 | L3: SERVICIOS_SIP | M3: NEO1 | N3: 0 | O3: 0 | P3: CAMPAÑA | Q3: 150 | R3: 8861 - Caceres, Martina | S3: 26 | T3: ANSWER | U3: AGENT | V3: 46146.397 | W3: 46146.397 | X3: 46146.412 | Y3: 01152741410 | Z3: 2994621296 | AA3: ENTRANTE | AB3: FULL | AC3: 2994621296-149044343-20260504093134.mp3 | AE3: NAC-CEL | AF3: NACIONAL | AG3: PAIS-CELULAR | AH3: 0 | AI3: 0 | AJ3: 0 | AK3: 0 | AL3: BL | AM3: 3 | AN3: 1264 | AO3: NotSet | AP3: 37 | AQ3: 198 | AR3: 2466160 | AT3: |0||SIP/SERVICIOS_SIP-00000eb2|1777897928.3771|16:Normal Clearing|16:PBX|6|SIP/GQ106-00000ec7|-1|NotSet|
A4: =+CONCATENATE(DAY(V4),"/",MONTH(V4),"/",YEAR(V4),"")*1 -> 46146 | B4: =+Z4*1 -> 3876349552 | C4: =+AA4 -> ENTRANTE | D4: =VLOOKUP(Q4,Code!E:F,2,0) -> Admisiones | E4: Conectadas | F4: =+AP4 -> 37 | G4: =+S4 -> 27 | H4: =+HOUR(V4) -> 19 | I4: =IFERROR(VLOOKUP(B4,MATRICULAS!A:B,2,0),0)*1 -> 0 | J4: 20260504 | K4: 149059248 | L4: SERVICIOS_SIP | M4: NEO1 | N4: 0 | O4: 0 | P4: CAMPAÑA | Q4: 150 | R4: 8864 - González, Maitena | S4: 27 | T4: ANSWER | U4: AGENT | V4: 46146.827 | W4: 46146.827 | X4: 46146.836 | Y4: 01152741410 | Z4: 3876349552 | AA4: ENTRANTE | AB4: FULL | AC4: 3876349552-149059248-20260504195033.mp3 | AE4: NAC-FIJO | AF4: SALTA | AG4: METAN | AH4: 0 | AI4: 0 | AJ4: 0 | AK4: 0 | AL4: BL | AM4: 3 | AN4: 810 | AO4: NotSet | AP4: 37 | AQ4: 116 | AR4: 1425078 | AT4: |0||SIP/SERVICIOS_SIP-00007e20|1777935066.32316|16:Normal Clearing|16:PBX|7|SIP/GQ114-00007e2f|-1|NotSet|
A5: =+CONCATENATE(DAY(V5),"/",MONTH(V5),"/",YEAR(V5),"")*1 -> 46146 | B5: =+Z5*1 -> 1157740540 | C5: =+AA5 -> ENTRANTE | D5: =VLOOKUP(Q5,Code!E:F,2,0) -> Admisiones | E5: Conectadas | F5: =+AP5 -> 37 | G5: =+S5 -> 27 | H5: =+HOUR(V5) -> 19 | I5: =IFERROR(VLOOKUP(B5,MATRICULAS!A:B,2,0),0)*1 -> 0 | J5: 20260504 | K5: 149058778 | L5: SERVICIOS_SIP | M5: NEO1 | N5: 0 | O5: 0 | P5: CAMPAÑA | Q5: 150 | R5: 8864 - González, Maitena | S5: 27 | T5: ANSWER | U5: AGENT | V5: 46146.814 | W5: 46146.814 | X5: 46146.818 | Y5: 01152741410 | Z5: 1157740540 | AA5: ENTRANTE | AB5: FULL | AC5: 1157740540-149058778-20260504193214.mp3 | AE5: NAC-CEL | AF5: NACIONAL | AG5: PAIS-CELULAR | AH5: 0 | AI5: 0 | AJ5: 0 | AK5: 0 | AL5: BL | AM5: 3 | AN5: 304 | AO5: NotSet | AP5: 37 | AQ5: 202 | AR5: 2487388 | AT5: |0||SIP/SERVICIOS_SIP-00007a93|1777933967.31406|16:Normal Clearing|16:PBX|16||-1|NotSet|
A6: =+CONCATENATE(DAY(V6),"/",MONTH(V6),"/",YEAR(V6),"")*1 -> 46146 | B6: =+Z6*1 -> 1151394081 | C6: =+AA6 -> ENTRANTE | D6: =VLOOKUP(Q6,Code!E:F,2,0) -> Admisiones | E6: Conectadas | F6: =+AP6 -> 37 | G6: =+S6 -> 27 | H6: =+HOUR(V6) -> 18 | I6: =IFERROR(VLOOKUP(B6,MATRICULAS!A:B,2,0),0)*1 -> 1 | J6: 20260504 | K6: 149056627 | L6: SERVICIOS_SIP | M6: NEO1 | N6: 0 | O6: 0 | P6: CAMPAÑA | Q6: 150 | R6: 8864 - González, Maitena | S6: 27 | T6: ANSWER | U6: AGENT | V6: 46146.756 | W6: 46146.756 | X6: 46146.758 | Y6: 01152741410 | Z6: 1151394081 | AA6: ENTRANTE | AB6: FULL | AC6: 1151394081-149056627-20260504180802.mp3 | AE6: NAC-CEL | AF6: NACIONAL | AG6: PAIS-CELULAR | AH6: 0 | AI6: 0 | AJ6: 0 | AK6: 0 | AL6: BL | AM6: 3 | AN6: 194 | AO6: NotSet | AP6: 37 | AQ6: 201 | AR6: 2487280 | AT6: |0||SIP/SERVICIOS_SIP-00006a92|1777928916.27306|16:Normal Clearing|17:Network|10||-1|NotSet|
A7: =+CONCATENATE(DAY(V7),"/",MONTH(V7),"/",YEAR(V7),"")*1 -> 46146 | B7: =+Z7*1 -> 3585611503 | C7: =+AA7 -> ENTRANTE | D7: =VLOOKUP(Q7,Code!E:F,2,0) -> Admisiones | E7: Conectadas | F7: =+AP7 -> 37 | G7: =+S7 -> 27 | H7: =+HOUR(V7) -> 18 | I7: =IFERROR(VLOOKUP(B7,MATRICULAS!A:B,2,0),0)*1 -> 0 | J7: 20260504 | K7: 149056539 | L7: SERVICIOS_SIP | M7: NEO1 | N7: 0 | O7: 0 | P7: CAMPAÑA | Q7: 150 | R7: 8814 - Nievas, Jimena | S7: 27 | T7: ANSWER | U7: AGENT | V7: 46146.753 | W7: 46146.753 | X7: 46146.755 | Y7: 01152741410 | Z7: 3585611503 | AA7: ENTRANTE | AB7: FULL | AC7: 3585611503-149056539-20260504180458.mp3 | AE7: NAC-CEL | AF7: NACIONAL | AG7: PAIS-CELULAR | AH7: 0 | AI7: 0 | AJ7: 0 | AK7: 0 | AL7: BL | AM7: 3 | AN7: 160 | AO7: NotSet | AP7: 37 | AQ7: 0 | AR7: 0 | AT7: |0||SIP/SERVICIOS_SIP-000069ec|1777928731.27140|16:Normal Clearing|17:Network|0||-1|NotSet|
A8: =+CONCATENATE(DAY(V8),"/",MONTH(V8),"/",YEAR(V8),"")*1 -> 46146 | B8: =+Z8*1 -> 1160047038 | C8: =+AA8 -> ENTRANTE | D8: =VLOOKUP(Q8,Code!E:F,2,0) -> Admisiones | E8: Conectadas | F8: =+AP8 -> 37 | G8: =+S8 -> 27 | H8: =+HOUR(V8) -> 17 | I8: =IFERROR(VLOOKUP(B8,MATRICULAS!A:B,2,0),0)*1 -> 0 | J8: 20260504 | K8: 149056266 | L8: SERVICIOS_SIP | M8: NEO1 | N8: 0 | O8: 0 | P8: CAMPAÑA | Q8: 150 | R8: 8872 - Pasetti, Gisela Lorena | S8: 27 | T8: ANSWER | U8: AGENT | V8: 46146.746 | W8: 46146.746 | X8: 46146.755 | Y8: 01152741410 | Z8: 1160047038 | AA8: ENTRANTE | AB8: FULL | AC8: 1160047038-149056266-20260504175352.mp3 | AE8: NAC-CEL | AF8: NACIONAL | AG8: PAIS-CELULAR | AH8: 0 | AI8: 0 | AJ8: 0 | AK8: 0 | AL8: BL | AM8: 3 | AN8: 797 | AO8: NotSet | AP8: 37 | AQ8: 202 | AR8: 2486227 | AT8: |0||SIP/SERVICIOS_SIP-000067e6|1777928065.26622|16:Normal Clearing|16:PBX|12|SIP/GQ105-000067f8|-1|NotSet|
A9: =+CONCATENATE(DAY(V9),"/",MONTH(V9),"/",YEAR(V9),"")*1 -> 46146 | B9: =+Z9*1 -> 1132713706 | C9: =+AA9 -> ENTRANTE | D9: =VLOOKUP(Q9,Code!E:F,2,0) -> Admisiones | E9: Conectadas | F9: =+AP9 -> 37 | G9: =+S9 -> 27 | H9: =+HOUR(V9) -> 16 | I9: =IFERROR(VLOOKUP(B9,MATRICULAS!A:B,2,0),0)*1 -> 1 | J9: 20260504 | K9: 149055190 | L9: SERVICIOS_SIP | M9: NEO1 | N9: 0 | O9: 0 | P9: CAMPAÑA | Q9: 150 | R9: 8814 - Nievas, Jimena | S9: 27 | T9: ANSWER | U9: AGENT | V9: 46146.708 | W9: 46146.708 | X9: 46146.713 | Y9: 01152741410 | Z9: 1132713706 | AA9: ENTRANTE | AB9: FULL | AC9: 1132713706-149055190-20260504165915.mp3 | AE9: NAC-CEL | AF9: NACIONAL | AG9: PAIS-CELULAR | AH9: 0 | AI9: 0 | AJ9: 0 | AK9: 0 | AL9: BL | AM9: 3 | AN9: 470 | AO9: NotSet | AP9: 37 | AQ9: 199 | AR9: 2483055 | AT9: |0||SIP/SERVICIOS_SIP-00005fc4|1777924789.24538|16:Normal Clearing|17:Network|18||-1|NotSet|
A10: =+CONCATENATE(DAY(V10),"/",MONTH(V10),"/",YEAR(V10),"")*1 -> 46146 | B10: =+Z10*1 -> 1140450044 | C10: =+AA10 -> ENTRANTE | D10: =VLOOKUP(Q10,Code!E:F,2,0) -> Admisiones | E10: Conectadas | F10: =+AP10 -> 37 | G10: =+S10 -> 27 | H10: =+HOUR(V10) -> 16 | I10: =IFERROR(VLOOKUP(B10,MATRICULAS!A:B,2,0),0)*1 -> 0 | J10: 20260504 | K10: 149055078 | L10: SERVICIOS_SIP | M10: NEO1 | N10: 0 | O10: 0 | P10: CAMPAÑA | Q10: 150 | R10: 8872 - Pasetti, Gisela Lorena | S10: 27 | T10: ANSWER | U10: AGENT | V10: 46146.706 | W10: 46146.706 | X10: 46146.714 | Y10: 01152741410 | Z10: 1140450044 | AA10: ENTRANTE | AB10: FULL | AC10: 1140450044-149055078-20260504165601.mp3 | AE10: NAC-CEL | AF10: NACIONAL | AG10: PAIS-CELULAR | AH10: 0 | AI10: 0 | AJ10: 0 | AK10: 0 | AL10: BL | AM10: 3 | AN10: 766 | AO10: NotSet | AP10: 37 | AQ10: 202 | AR10: 2487045 | AT10: |0||SIP/SERVICIOS_SIP-00005ef6|1777924595.24332|16:Normal Clearing|16:PBX|16||-1|NotSet|
A11: =+CONCATENATE(DAY(V11),"/",MONTH(V11),"/",YEAR(V11),"")*1 -> 46146 | B11: =+Z11*1 -> 2983618493 | C11: =+AA11 -> ENTRANTE | D11: =VLOOKUP(Q11,Code!E:F,2,0) -> Admisiones | E11: Conectadas | F11: =+AP11 -> 37 | G11: =+S11 -> 27 | H11: =+HOUR(V11) -> 16 | I11: =IFERROR(VLOOKUP(B11,MATRICULAS!A:B,2,0),0)*1 -> 0 | J11: 20260504 | K11: 149054197 | L11: SERVICIOS_SIP | M11: NEO1 | N11: 0 | O11: 0 | P11: CAMPAÑA | Q11: 150 | R11: 8864 - González, Maitena | S11: 27 | T11: ANSWER | U11: AGENT | V11: 46146.682 | W11: 46146.682 | X11: 46146.687 | Y11: 01152741410 | Z11: 2983618493 | AA11: ENTRANTE | AB11: FULL | AC11: 2983618493-149054197-20260504162232.mp3 | AE11: NAC-CEL | AF11: NACIONAL | AG11: PAIS-CELULAR | AH11: 0 | AI11: 0 | AJ11: 0 | AK11: 0 | AL11: BL | AM11: 3 | AN11: 421 | AO11: NotSet | AP11: 37 | AQ11: 1 | AR11: 2487183 | AT11: |0||SIP/SERVICIOS_SIP-00005851|1777922586.22628|16:Normal Clearing|16:PBX|17|SIP/GQ114-00005864|-1|NotSet|
A12: =+CONCATENATE(DAY(V12),"/",MONTH(V12),"/",YEAR(V12),"")*1 -> 46146 | B12: =+Z12*1 -> 2966784318 | C12: =+AA12 -> ENTRANTE | D12: =VLOOKUP(Q12,Code!E:F,2,0) -> Admisiones | E12: Conectadas | F12: =+AP12 -> 37 | G12: =+S12 -> 0 | H12: =+HOUR(V12) -> 16 | I12: =IFERROR(VLOOKUP(B12,MATRICULAS!A:B,2,0),0)*1 -> 0 | J12: 20260504 | K12: 149053813 | L12: SERVICIOS_SIP | M12: NEO1 | N12: 0 | O12: 0 | P12: CAMPAÑA | Q12: 150 | R12: 8984 - Cejas, Nahuel | S12: 0 | T12: ANSWER | U12: AGENT | V12: 46146.67 | W12: 46146.67 | X12: 46146.679 | Y12: 01152741410 | Z12: 2966784318 | AA12: ENTRANTE | AB12: FULL | AC12: 2966784318-149053813-20260504160430.mp3 | AE12: NAC-FIJO | AF12: SANTA CRUZ | AG12: RIO GALLEGOS | AH12: 0 | AI12: 0 | AJ12: 0 | AK12: 0 | AL12: BL | AM12: 3 | AN12: 768 | AO12: NotSet | AP12: 37 | AQ12: 174 | AR12: 2238299 | AT12: |0||SIP/SERVICIOS_SIP-0000553d|1777921504.21839|16:Normal Clearing|17:Network|18||-1|NotSet|
A13: =+CONCATENATE(DAY(V13),"/",MONTH(V13),"/",YEAR(V13),"")*1 -> 46146 | B13: =+Z13*1 -> 1136654608 | C13: =+AA13 -> ENTRANTE | D13: =VLOOKUP(Q13,Code!E:F,2,0) -> Admisiones | E13: Conectadas | F13: =+AP13 -> 37 | G13: =+S13 -> 27 | H13: =+HOUR(V13) -> 15 | I13: =IFERROR(VLOOKUP(B13,MATRICULAS!A:B,2,0),0)*1 -> 0 | J13: 20260504 | K13: 149052887 | L13: SERVICIOS_SIP | M13: NEO1 | N13: 0 | O13: 0 | P13: CAMPAÑA | Q13: 150 | R13: 8864 - González, Maitena | S13: 27 | T13: ANSWER | U13: AGENT | V13: 46146.63 | W13: 46146.63 | X13: 46146.635 | Y13: 01152741410 | Z13: 1136654608 | AA13: ENTRANTE | AB13: FULL | AC13: 1136654608-149052887-20260504150752.mp3 | AE13: NAC-CEL | AF13: NACIONAL | AG13: PAIS-CELULAR | AH13: 0 | AI13: 0 | AJ13: 0 | AK13: 0 | AL13: BL | AM13: 3 | AN13: 364 | AO13: NotSet | AP13: 37 | AQ13: 202 | AR13: 2486961 | AT13: |0||SIP/SERVICIOS_SIP-00004e24|1777918106.20019|16:Normal Clearing|16:PBX|2|SIP/GQ114-00004e2e|-1|NotSet|
... A22: =+CONCATENATE(DAY(V22),"/",MONTH(V22),"/",YEAR(V22),"")*1 -> 46146 | B22: =+Z22*1 -> 1166798721 | C22: =+AA22 -> ENTRANTE | D22: =VLOOKUP(Q22,Code!E:F,2,0) -> Admisiones | E22: Conectadas | F22: =+AP22 -> 37 | G22: =+S22 -> 26 | H22: =+HOUR(V22) -> 11 | I22: =IFERROR(VLOOKUP(B22,MATRICULAS!A:B,2,0),0)*1 -> 0 | J22: 20260504 | K22: 149047443 | L22: SERVICIOS_SIP | M22: NEO1 | N22: 0 | O22: 0 | P22: CAMPAÑA | Q22: 150 | R22: 8160 - QUEVEDO, JOAHANA | S22: 26 | T22: ANSWER | U22: AGENT | V22: 46146.491 | W22: 46146.491 | X22: 46146.496 | Y22: 01152741410 | Z22: 1166798721 | AA22: ENTRANTE | AB22: FULL | AC22: 1166798721-149047443-20260504114640.mp3 | AE22: NAC-CEL | AF22: NACIONAL | AG22: PAIS-CELULAR | AH22: 0 | AI22: 0 | AJ22: 0 | AK22: 0 | AL22: BL | AM22: 3 | AN22: 445 | AO22: NotSet | AP22: 37 | AQ22: 199 | AR22: 2476878 | AT22: |0||SIP/SERVICIOS_SIP-000026aa|1777906034.9910|16:Normal Clearing|17:Network|19||-1|NotSet|
A23: =+CONCATENATE(DAY(V23),"/",MONTH(V23),"/",YEAR(V23),"")*1 -> 46146 | B23: =+Z23*1 -> 1159432774 | C23: =+AA23 -> ENTRANTE | D23: =VLOOKUP(Q23,Code!E:F,2,0) -> Admisiones | E23: Conectadas | F23: =+AP23 -> 37 | G23: =+S23 -> 26 | H23: =+HOUR(V23) -> 11 | I23: =IFERROR(VLOOKUP(B23,MATRICULAS!A:B,2,0),0)*1 -> 0 | J23: 20260504 | K23: 149046617 | L23: SERVICIOS_SIP | M23: NEO1 | N23: 0 | O23: 0 | P23: CAMPAÑA | Q23: 150 | R23: 8861 - Caceres, Martina | S23: 26 | T23: ANSWER | U23: AGENT | V23: 46146.469 | W23: 46146.469 | X23: 46146.477 | Y23: 01152741410 | Z23: 1159432774 | AA23: ENTRANTE | AB23: FULL | AC23: 1159432774-149046617-20260504111502.mp3 | AE23: NAC-CEL | AF23: NACIONAL | AG23: PAIS-CELULAR | AH23: 0 | AI23: 0 | AJ23: 0 | AK23: 0 | AL23: BL | AM23: 3 | AN23: 746 | AO23: NotSet | AP23: 37 | AQ23: 1 | AR23: 2483262 | AS23: Apr 30 2026 1:12PM | AT23: |0||SIP/SERVICIOS_SIP-00002087|1777904136.8339|16:Normal Clearing|16:PBX|20|SIP/GQ106-00002096|-1|NotSet|
A24: =+CONCATENATE(DAY(V24),"/",MONTH(V24),"/",YEAR(V24),"")*1 -> 46146 | B24: =+Z24*1 -> 3884459927 | C24: =+AA24 -> ENTRANTE | D24: =VLOOKUP(Q24,Code!E:F,2,0) -> Admisiones | E24: Conectadas | F24: =+AP24 -> 37 | G24: =+S24 -> 26 | H24: =+HOUR(V24) -> 11 | I24: =IFERROR(VLOOKUP(B24,MATRICULAS!A:B,2,0),0)*1 -> 0 | J24: 20260504 | K24: 149046493 | L24: SERVICIOS_SIP | M24: NEO1 | N24: 0 | O24: 0 | P24: CAMPAÑA | Q24: 150 | R24: 8861 - Caceres, Martina | S24: 26 | T24: ANSWER | U24: AGENT | V24: 46146.462 | W24: 46146.462 | X24: 46146.469 | Y24: 01152741410 | Z24: 3884459927 | AA24: ENTRANTE | AB24: FULL | AC24: 3884459927-149046493-20260504110544.mp3 | AE24: NAC-FIJO | AF24: JUJUY | AG24: SAN PEDRO (PROV. JUJUY) | AH24: 0 | AI24: 0 | AJ24: 0 | AK24: 0 | AL24: BL | AM24: 3 | AN24: 558 | AO24: NotSet | AP24: 37 | AQ24: 1 | AR24: 2357572 | AS24: Feb 11 2026 10:06AM | AT24: |0||SIP/SERVICIOS_SIP-00001f83|1777903578.8079|16:Normal Clearing|16:PBX|20|SIP/GQ106-00001f87|-1|NotSet|
A25: =+CONCATENATE(DAY(V25),"/",MONTH(V25),"/",YEAR(V25),"")*1 -> 46146 | B25: =+Z25*1 -> 3517333437 | C25: =+AA25 -> ENTRANTE | D25: =VLOOKUP(Q25,Code!E:F,2,0) -> Admisiones | E25: Conectadas | F25: =+AP25 -> 37 | G25: =+S25 -> 26 | H25: =+HOUR(V25) -> 10 | I25: =IFERROR(VLOOKUP(B25,MATRICULAS!A:B,2,0),0)*1 -> 0 | J25: 20260504 | K25: 149046381 | L25: SERVICIOS_SIP | M25: NEO1 | N25: 0 | O25: 0 | P25: CAMPAÑA | Q25: 150 | R25: 8160 - QUEVEDO, JOAHANA | S25: 26 | T25: ANSWER | U25: AGENT | V25: 46146.458 | W25: 46146.458 | X25: 46146.464 | Y25: 01152741410 | Z25: 3517333437 | AA25: ENTRANTE | AB25: FULL | AC25: 3517333437-149046381-20260504105946.mp3 | AE25: NAC-FIJO | AF25: CORDOBA | AG25: CORDOBA | AH25: 0 | AI25: 0 | AJ25: 0 | AK25: 0 | AL25: BL | AM25: 3 | AN25: 483 | AO25: NotSet | AP25: 37 | AQ25: 201 | AR25: 2486231 | AT25: |0||SIP/SERVICIOS_SIP-00001e98|1777903220.7843|16:Normal Clearing|17:Network|2||-1|NotSet|
A26: =+CONCATENATE(DAY(V26),"/",MONTH(V26),"/",YEAR(V26),"")*1 -> 46146 | B26: =+Z26*1 -> 1159035439 | C26: =+AA26 -> ENTRANTE | D26: =VLOOKUP(Q26,Code!E:F,2,0) -> Admisiones | E26: Conectadas | F26: =+AP26 -> 37 | G26: =+S26 -> 5 | H26: =+HOUR(V26) -> 10 | I26: =IFERROR(VLOOKUP(B26,MATRICULAS!A:B,2,0),0)*1 -> 0 | J26: 20260504 | K26: 149046332 | L26: SERVICIOS_SIP | M26: NEO1 | N26: 0 | O26: 0 | P26: CAMPAÑA | Q26: 150 | R26: 8160 - QUEVEDO, JOAHANA | S26: 5 | T26: ANSWER | U26: AGENT | V26: 46146.456 | W26: 46146.456 | X26: 46146.457 | Y26: 01152741410 | Z26: 1159035439 | AA26: ENTRANTE | AB26: FULL | AC26: 1159035439-149046332-20260504105652.mp3 | AE26: NAC-CEL | AF26: NACIONAL | AG26: PAIS-CELULAR | AH26: 0 | AI26: 0 | AJ26: 0 | AK26: 0 | AL26: BL | AM26: 3 | AN26: 71 | AO26: NotSet | AP26: 37 | AQ26: 0 | AR26: 0 | AT26: |0||SIP/SERVICIOS_SIP-00001e2a|1777903046.7733|16:Normal Clearing|17:Network|21||-1|NotSet|
A27: =+CONCATENATE(DAY(V27),"/",MONTH(V27),"/",YEAR(V27),"")*1 -> 46146 | B27: =+Z27*1 -> 3482535547 | C27: =+AA27 -> ENTRANTE | D27: =VLOOKUP(Q27,Code!E:F,2,0) -> Admisiones | E27: Conectadas | F27: =+AP27 -> 37 | G27: =+S27 -> 26 | H27: =+HOUR(V27) -> 10 | I27: =IFERROR(VLOOKUP(B27,MATRICULAS!A:B,2,0),0)*1 -> 0 | J27: 20260504 | K27: 149046181 | L27: SERVICIOS_SIP | M27: NEO1 | N27: 0 | O27: 0 | P27: CAMPAÑA | Q27: 150 | R27: 8861 - Caceres, Martina | S27: 26 | T27: ANSWER | U27: AGENT | V27: 46146.453 | W27: 46146.453 | X27: 46146.459 | Y27: 01152741410 | Z27: 3482535547 | AA27: ENTRANTE | AB27: FULL | AC27: 3482535547-149046181-20260504105148.mp3 | AE27: NAC-CEL | AF27: NACIONAL | AG27: PAIS-CELULAR | AH27: 0 | AI27: 0 | AJ27: 0 | AK27: 0 | AL27: BL | AM27: 3 | AN27: 550 | AO27: NotSet | AP27: 37 | AQ27: 201 | AR27: 2484927 | AT27: |0||SIP/SERVICIOS_SIP-00001d0a|1777902742.7444|16:Normal Clearing|16:PBX|7|SIP/GQ106-00001d19|-1|NotSet|
A28: =+CONCATENATE(DAY(V28),"/",MONTH(V28),"/",YEAR(V28),"")*1 -> 46146 | B28: =+Z28*1 -> 1170583210 | C28: =+AA28 -> ENTRANTE | D28: =VLOOKUP(Q28,Code!E:F,2,0) -> Admisiones | E28: Conectadas | F28: =+AP28 -> 37 | G28: =+S28 -> 26 | H28: =+HOUR(V28) -> 10 | I28: =IFERROR(VLOOKUP(B28,MATRICULAS!A:B,2,0),0)*1 -> 0 | J28: 20260504 | K28: 149045897 | L28: SERVICIOS_SIP | M28: NEO1 | N28: 0 | O28: 0 | P28: CAMPAÑA | Q28: 150 | R28: 8160 - QUEVEDO, JOAHANA | S28: 26 | T28: ANSWER | U28: AGENT | V28: 46146.438 | W28: 46146.438 | X28: 46146.45 | Y28: 01152741410 | Z28: 1170583210 | AA28: ENTRANTE | AB28: FULL | AC28: 1170583210-149045897-20260504103020.mp3 | AE28: LOC-FIJO | AF28: LOCAL-FIJO | AG28: LOCAL-FIJO | AH28: 0 | AI28: 0 | AJ28: 0 | AK28: 0 | AL28: BL | AM28: 3 | AN28: 1064 | AO28: NotSet | AP28: 37 | AQ28: 201 | AR28: 2486615 | AT28: |0||SIP/SERVICIOS_SIP-00001aca|1777901454.6868|16:Normal Clearing|17:Network|6||-1|NotSet|
A29: =+CONCATENATE(DAY(V29),"/",MONTH(V29),"/",YEAR(V29),"")*1 -> 46146 | B29: =+Z29*1 -> 1132570770 | C29: =+AA29 -> ENTRANTE | D29: =VLOOKUP(Q29,Code!E:F,2,0) -> Admisiones | E29: Conectadas | F29: =+AP29 -> 37 | G29: =+S29 -> 5 | H29: =+HOUR(V29) -> 10 | I29: =IFERROR(VLOOKUP(B29,MATRICULAS!A:B,2,0),0)*1 -> 0 | J29: 20260504 | K29: 149045894 | L29: SERVICIOS_SIP | M29: NEO1 | N29: 0 | O29: 0 | P29: CAMPAÑA | Q29: 150 | R29: 8647 - Molina, Rocio | S29: 5 | T29: ANSWER | U29: AGENT | V29: 46146.438 | W29: 46146.438 | X29: 46146.441 | Y29: 01152741410 | Z29: 1132570770 | AA29: ENTRANTE | AB29: FULL | AC29: 1132570770-149045894-20260504103006.mp3 | AE29: NAC-CEL | AF29: NACIONAL | AG29: PAIS-CELULAR | AH29: 0 | AI29: 0 | AJ29: 0 | AK29: 0 | AL29: BL | AM29: 3 | AN29: 309 | AO29: NotSet | AP29: 37 | AQ29: 114 | AR29: 788021 | AT29: |0||SIP/SERVICIOS_SIP-00001ac4|1777901440.6862|16:Normal Clearing|16:PBX|13|SIP/Z8647-00001ad1|-1|NotSet|
A30: =+CONCATENATE(DAY(V30),"/",MONTH(V30),"/",YEAR(V30),"")*1 -> 46146 | B30: =+Z30*1 -> 1136289001 | C30: =+AA30 -> ENTRANTE | D30: =VLOOKUP(Q30,Code!E:F,2,0) -> Admisiones | E30: Conectadas | F30: =+AP30 -> 37 | G30: =+S30 -> 26 | H30: =+HOUR(V30) -> 9 | I30: =IFERROR(VLOOKUP(B30,MATRICULAS!A:B,2,0),0)*1 -> 0 | J30: 20260504 | K30: 149044898 | L30: SERVICIOS_SIP | M30: NEO1 | N30: 0 | O30: 0 | P30: CAMPAÑA | Q30: 150 | R30: 8861 - Caceres, Martina | S30: 26 | T30: ANSWER | U30: AGENT | V30: 46146.412 | W30: 46146.412 | X30: 46146.418 | Y30: 01152741410 | Z30: 1136289001 | AA30: ENTRANTE | AB30: FULL | AC30: 1136289001-149044898-20260504095352.mp3 | AE30: NAC-CEL | AF30: NACIONAL | AG30: PAIS-CELULAR | AH30: 0 | AI30: 0 | AJ30: 0 | AK30: 0 | AL30: BL | AM30: 3 | AN30: 474 | AO30: NotSet | AP30: 37 | AQ30: 1 | AR30: 2486560 | AT30: |0||SIP/SERVICIOS_SIP-0000137f|1777899266.5000|16:Normal Clearing|16:PBX|4||-1|NotSet|
A31: =+CONCATENATE(DAY(V31),"/",MONTH(V31),"/",YEAR(V31),"")*1 -> 46147 | B31: =+Z31*1 -> 1177141445 | C31: =+AA31 -> ENTRANTE | D31: =VLOOKUP(Q31,Code!E:F,2,0) -> Admisiones | E31: Conectadas | F31: =+AP31 -> 37 | G31: =+S31 -> 27 | H31: =+HOUR(V31) -> 20 | I31: =IFERROR(VLOOKUP(B31,MATRICULAS!A:B,2,0),0)*1 -> 0 | J31: 20260505 | K31: 149079802 | L31: SERVICIOS_SIP | M31: NEO1 | N31: 0 | O31: 0 | P31: CAMPAÑA | Q31: 150 | R31: 8864 - González, Maitena | S31: 27 | T31: ANSWER | U31: AGENT | V31: 46147.852 | W31: 46147.852 | X31: 46147.856 | Y31: 01152741410 | Z31: 1177141445 | AA31: ENTRANTE | AB31: FULL | AC31: 1177141445-149079802-20260505202612.mp3 | AE31: LOC-FIJO | AF31: LOCAL-FIJO | AG31: LOCAL-FIJO | AH31: 0 | AI31: 0 | AJ31: 0 | AK31: 0 | AL31: BL | AM31: 3 | AN31: 411 | AO31: NotSet | AP31: 37 | AQ31: 1 | AR31: 2488819 | AT31: |0||SIP/SERVICIOS_SIP-0000906d|1778023608.36995|16:Normal Clearing|17:Network|17||-1|NotSet|
A32: =+CONCATENATE(DAY(V32),"/",MONTH(V32),"/",YEAR(V32),"")*1 -> 46147 | B32: =+Z32*1 -> 1173661985 | C32: =+AA32 -> ENTRANTE | D32: =VLOOKUP(Q32,Code!E:F,2,0) -> Admisiones | E32: Conectadas | F32: =+AP32 -> 37 | G32: =+S32 -> 27 | H32: =+HOUR(V32) -> 20 | I32: =IFERROR(VLOOKUP(B32,MATRICULAS!A:B,2,0),0)*1 -> 0 | J32: 20260505 | K32: 149079539 | L32: SERVICIOS_SIP | M32: NEO1 | N32: 0 | O32: 0 | P32: CAMPAÑA | Q32: 150 | R32: 8872 - Pasetti, Gisela Lorena | S32: 27 | T32: ANSWER | U32: AGENT | V32: 46147.843 | W32: 46147.843 | X32: 46147.844 | Y32: 01152741410 | Z32: 1173661985 | AA32: ENTRANTE | AB32: FULL | AC32: 1173661985-149079539-20260505201344.mp3 | AE32: LOC-FIJO | AF32: LOCAL-FIJO | AG32: LOCAL-FIJO | AH32: 0 | AI32: 0 | AJ32: 0 | AK32: 0 | AL32: BL | AM32: 3 | AN32: 124 | AO32: NotSet | AP32: 37 | AQ32: 201 | AR32: 2488783 | AT32: |0||SIP/SERVICIOS_SIP-00008e24|1778022860.36410|16:Normal Clearing|17:Network|13||-1|NotSet|
A33: =+CONCATENATE(DAY(V33),"/",MONTH(V33),"/",YEAR(V33),"")*1 -> 46147 | B33: =+Z33*1 -> 3456586938 | C33: =+AA33 -> ENTRANTE | D33: =VLOOKUP(Q33,Code!E:F,2,0) -> Admisiones | E33: Conectadas | F33: =+AP33 -> 37 | G33: =+S33 -> 27 | H33: =+HOUR(V33) -> 18 | I33: =IFERROR(VLOOKUP(B33,MATRICULAS!A:B,2,0),0)*1 -> 0 | J33: 20260505 | K33: 149077294 | L33: SERVICIOS_SIP | M33: NEO1 | N33: 0 | O33: 0 | P33: CAMPAÑA | Q33: 150 | R33: 8864 - González, Maitena | S33: 27 | T33: ANSWER | U33: AGENT | V33: 46147.777 | W33: 46147.777 | X33: 46147.78 | Y33: 01152741410 | Z33: 3456586938 | AA33: ENTRANTE | AB33: FULL | AC33: 3456586938-149077294-20260505183855.mp3 | AE33: NAC-FIJO | AF33: ENTRE RIOS | AG33: CHAJARI | AH33: 0 | AI33: 0 | AJ33: 0 | AK33: 0 | AL33: BL | AM33: 3 | AN33: 262 | AO33: NotSet | AP33: 37 | AQ33: 202 | AR33: 2488678 | AT33: |0||SIP/SERVICIOS_SIP-00007be0|1778017171.31733|16:Normal Clearing|17:Network|10||-1|NotSet|
A34: =+CONCATENATE(DAY(V34),"/",MONTH(V34),"/",YEAR(V34),"")*1 -> 46147 | B34: =+Z34*1 -> 1126250956 | C34: =+AA34 -> ENTRANTE | D34: =VLOOKUP(Q34,Code!E:F,2,0) -> Admisiones | E34: Conectadas | F34: =+AP34 -> 37 | G34: =+S34 -> 27 | H34: =+HOUR(V34) -> 18 | I34: =IFERROR(VLOOKUP(B34,MATRICULAS!A:B,2,0),0)*1 -> 0 | J34: 20260505 | K34: 149076787 | L34: SERVICIOS_SIP | M34: NEO1 | N34: 0 | O34: 0 | P34: CAMPAÑA | Q34: 150 | R34: 8872 - Pasetti, Gisela Lorena | S34: 27 | T34: ANSWER | U34: AGENT | V34: 46147.763 | W34: 46147.763 | X34: 46147.765 | Y34: 01152741410 | Z34: 1126250956 | AA34: ENTRANTE | AB34: FULL | AC34: 1126250956-149076787-20260505181917.mp3 | AE34: LOC-FIJO | AF34: LOCAL-FIJO | AG34: LOCAL-FIJO | AH34: 0 | AI34: 0 | AJ34: 0 | AK34: 0 | AL34: BL | AM34: 3 | AN34: 145 | AO34: NotSet | AP34: 37 | AQ34: 199 | AR34: 2471734 | AT34: |0||SIP/SERVICIOS_SIP-00007824|1778015993.30777|16:Normal Clearing|16:PBX|7|SIP/Z8872-0000782f|-1|NotSet|
A35: =+CONCATENATE(DAY(V35),"/",MONTH(V35),"/",YEAR(V35),"")*1 -> 46147 | B35: =+Z35*1 -> 1151041745 | C35: =+AA35 -> ENTRANTE | D35: =VLOOKUP(Q35,Code!E:F,2,0) -> Admisiones | E35: Conectadas | F35: =+AP35 -> 37 | G35: =+S35 -> 27 | H35: =+HOUR(V35) -> 18 | I35: =IFERROR(VLOOKUP(B35,MATRICULAS!A:B,2,0),0)*1 -> 0 | J35: 20260505 | K35: 149076682 | L35: SERVICIOS_SIP | M35: NEO1 | N35: 0 | O35: 0 | P35: CAMPAÑA | Q35: 150 | R35: 8864 - González, Maitena | S35: 27 | T35: ANSWER | U35: AGENT | V35: 46147.76 | W35: 46147.76 | X35: 46147.767 | Y35: 01152741410 | Z35: 1151041745 | AA35: ENTRANTE | AB35: FULL | AC35: 1151041745-149076682-20260505181408.mp3 | AE35: NAC-CEL | AF35: NACIONAL | AG35: PAIS-CELULAR | AH35: 0 | AI35: 0 | AJ35: 0 | AK35: 0 | AL35: BL | AM35: 3 | AN35: 595 | AO35: NotSet | AP35: 37 | AQ35: 1 | AR35: 2488660 | AT35: |0||SIP/SERVICIOS_SIP-00007755|1778015684.30570|16:Normal Clearing|16:PBX|6|SIP/GQ111-0000775e|-1|NotSet|
A36: =+CONCATENATE(DAY(V36),"/",MONTH(V36),"/",YEAR(V36),"")*1 -> 46147 | B36: =+Z36*1 -> 2477343294 | C36: =+AA36 -> ENTRANTE | D36: =VLOOKUP(Q36,Code!E:F,2,0) -> Admisiones | E36: Conectadas | F36: =+AP36 -> 37 | G36: =+S36 -> 27 | H36: =+HOUR(V36) -> 18 | I36: =IFERROR(VLOOKUP(B36,MATRICULAS!A:B,2,0),0)*1 -> 0 | J36: 20260505 | K36: 149076430 | L36: SERVICIOS_SIP | M36: NEO1 | N36: 0 | O36: 0 | P36: CAMPAÑA | Q36: 150 | R36: 8864 - González, Maitena | S36: 27 | T36: ANSWER | U36: AGENT | V36: 46147.752 | W36: 46147.752 | X36: 46147.753 | Y36: 01152741410 | Z36: 2477343294 | AA36: ENTRANTE | AB36: FULL | AC36: 2477343294-149076430-20260505180324.mp3 | AE36: NAC-CEL | AF36: NACIONAL | AG36: PAIS-CELULAR | AH36: 0 | AI36: 0 | AJ36: 0 | AK36: 0 | AL36: BL | AM36: 3 | AN36: 30 | AO36: NotSet | AP36: 37 | AQ36: 1 | AR36: 1186133 | AS36: Oct 25 2023 12:42PM | AT36: |0||SIP/SERVICIOS_SIP-0000757f|1778015040.30099|16:Normal Clearing|17:Network|0||-1|NotSet|
A37: =+CONCATENATE(DAY(V37),"/",MONTH(V37),"/",YEAR(V37),"")*1 -> 46147 | B37: =+Z37*1 -> 2645892969 | C37: =+AA37 -> ENTRANTE | D37: =VLOOKUP(Q37,Code!E:F,2,0) -> Admisiones | E37: Conectadas | F37: =+AP37 -> 37 | G37: =+S37 -> 27 | H37: =+HOUR(V37) -> 17 | I37: =IFERROR(VLOOKUP(B37,MATRICULAS!A:B,2,0),0)*1 -> 1 | J37: 20260505 | K37: 149075902 | L37: SERVICIOS_SIP | M37: NEO1 | N37: 0 | O37: 0 | P37: CAMPAÑA | Q37: 150 | R37: 8864 - González, Maitena | S37: 27 | T37: ANSWER | U37: AGENT | V37: 46147.734 | W37: 46147.734 | X37: 46147.739 | Y37: 01152741410 | Z37: 2645892969 | AA37: ENTRANTE | AB37: FULL | AC37: 2645892969-149075902-20260505173711.mp3 | AE37: NAC-FIJO | AF37: SAN JUAN | AG37: SAN JUAN | AH37: 0 | AI37: 0 | AJ37: 0 | AK37: 0 | AL37: BL | AM37: 3 | AN37: 422 | AO37: NotSet | AP37: 37 | AQ37: 157 | AR37: 1661380 | AT37: |0||SIP/SERVICIOS_SIP-0000718c|1778013467.29088|16:Normal Clearing|16:PBX|11|SIP/GQ111-00007194|-1|NotSet|
A38: =+CONCATENATE(DAY(V38),"/",MONTH(V38),"/",YEAR(V38),"")*1 -> 46147 | B38: =+Z38*1 -> 1150012996 | C38: =+AA38 -> ENTRANTE | D38: =VLOOKUP(Q38,Code!E:F,2,0) -> Admisiones | E38: Conectadas | F38: =+AP38 -> 37 | G38: =+S38 -> 27 | H38: =+HOUR(V38) -> 17 | I38: =IFERROR(VLOOKUP(B38,MATRICULAS!A:B,2,0),0)*1 -> 0 | J38: 20260505 | K38: 149075644 | L38: SERVICIOS_SIP | M38: NEO1 | N38: 0 | O38: 0 | P38: CAMPAÑA | Q38: 150 | R38: 8864 - González, Maitena | S38: 27 | T38: ANSWER | U38: AGENT | V38: 46147.724 | W38: 46147.724 | X38: 46147.725 | Y38: 01152741410 | Z38: 1150012996 | AA38: ENTRANTE | AB38: FULL | AC38: 1150012996-149075644-20260505172230.mp3 | AE38: NAC-CEL | AF38: NACIONAL | AG38: PAIS-CELULAR | AH38: 0 | AI38: 0 | AJ38: 0 | AK38: 0 | AL38: BL | AM38: 3 | AN38: 85 | AO38: NotSet | AP38: 37 | AQ38: 202 | AR38: 2488583 | AT38: |0||SIP/SERVICIOS_SIP-00006f57|1778012586.28523|16:Normal Clearing|17:Network|3||-1|NotSet|
A39: =+CONCATENATE(DAY(V39),"/",MONTH(V39),"/",YEAR(V39),"")*1 -> 46147 | B39: =+Z39*1 -> 2314536428 | C39: =+AA39 -> ENTRANTE | D39: =VLOOKUP(Q39,Code!E:F,2,0) -> Admisiones | E39: Conectadas | F39: =+AP39 -> 37 | G39: =+S39 -> 27 | H39: =+HOUR(V39) -> 16 | I39: =IFERROR(VLOOKUP(B39,MATRICULAS!A:B,2,0),0)*1 -> 0 | J39: 20260505 | K39: 149075039 | L39: SERVICIOS_SIP | M39: NEO1 | N39: 0 | O39: 0 | P39: CAMPAÑA | Q39: 150 | R39: 8872 - Pasetti, Gisela Lorena | S39: 27 | T39: ANSWER | U39: AGENT | V39: 46147.705 | W39: 46147.705 | X39: 46147.71 | Y39: 01152741410 | Z39: 2314536428 | AA39: ENTRANTE | AB39: FULL | AC39: 2314536428-149075039-20260505165512.mp3 | AE39: NAC-CEL | AF39: NACIONAL | AG39: PAIS-CELULAR | AH39: 0 | AI39: 0 | AJ39: 0 | AK39: 0 | AL39: BL | AM39: 3 | AN39: 451 | AO39: NotSet | AP39: 37 | AQ39: 201 | AR39: 2487559 | AT39: |0||SIP/SERVICIOS_SIP-00006a79|1778010948.27277|16:Normal Clearing|17:Network|9||-1|NotSet|
A40: =+CONCATENATE(DAY(V40),"/",MONTH(V40),"/",YEAR(V40),"")*1 -> 46147 | B40: =+Z40*1 -> 1168126088 | C40: =+AA40 -> ENTRANTE | D40: =VLOOKUP(Q40,Code!E:F,2,0) -> Admisiones | E40: Conectadas | F40: =+AP40 -> 37 | G40: =+S40 -> 27 | H40: =+HOUR(V40) -> 16 | I40: =IFERROR(VLOOKUP(B40,MATRICULAS!A:B,2,0),0)*1 -> 0 | J40: 20260505 | K40: 149074952 | L40: SERVICIOS_SIP | M40: NEO1 | N40: 0 | O40: 0 | P40: CAMPAÑA | Q40: 150 | R40: 8864 - González, Maitena | S40: 27 | T40: ANSWER | U40: AGENT | V40: 46147.704 | W40: 46147.704 | X40: 46147.706 | Y40: 01152741410 | Z40: 1168126088 | AA40: ENTRANTE | AB40: FULL | AC40: 1168126088-149074952-20260505165304.mp3 | AE40: NAC-CEL | AF40: NACIONAL | AG40: PAIS-CELULAR | AH40: 0 | AI40: 0 | AJ40: 0 | AK40: 0 | AL40: BL | AM40: 3 | AN40: 212 | AO40: NotSet | AP40: 37 | AQ40: 1 | AR40: 2488559 | AT40: |0||SIP/SERVICIOS_SIP-000069e3|1778010820.27127|16:Normal Clearing|17:Network|17||-1|NotSet|
A41: =+CONCATENATE(DAY(V41),"/",MONTH(V41),"/",YEAR(V41),"")*1 -> 46147 | B41: =+Z41*1 -> 1122987042 | C41: =+AA41 -> ENTRANTE | D41: =VLOOKUP(Q41,Code!E:F,2,0) -> Admisiones | E41: Conectadas | F41: =+AP41 -> 37 | G41: =+S41 -> 27 | H41: =+HOUR(V41) -> 16 | I41: =IFERROR(VLOOKUP(B41,MATRICULAS!A:B,2,0),0)*1 -> 0 | J41: 20260505 | K41: 149073607 | L41: SERVICIOS_SIP | M41: NEO1 | N41: 0 | O41: 0 | P41: CAMPAÑA | Q41: 150 | R41: 8872 - Pasetti, Gisela Lorena | S41: 27 | T41: ANSWER | U41: AGENT | V41: 46147.673 | W41: 46147.673 | X41: 46147.678 | Y41: 01152741410 | Z41: 1122987042 | AA41: ENTRANTE | AB41: FULL | AC41: 1122987042-149073607-20260505160928.mp3 | AE41: LOC-FIJO | AF41: LOCAL-FIJO | AG41: LOCAL-FIJO | AH41: 0 | AI41: 0 | AJ41: 0 | AK41: 0 | AL41: BL | AM41: 3 | AN41: 400 | AO41: NotSet | AP41: 37 | AQ41: 201 | AR41: 2488496 | AT41: |0||SIP/SERVICIOS_SIP-000060bc|1778008204.24784|16:Normal Clearing|17:Network|0||-1|NotSet|
A42: =+CONCATENATE(DAY(V42),"/",MONTH(V42),"/",YEAR(V42),"")*1 -> 46147 | B42: =+Z42*1 -> 1160472080 | C42: =+AA42 -> ENTRANTE | D42: =VLOOKUP(Q42,Code!E:F,2,0) -> Admisiones | E42: Conectadas | F42: =+AP42 -> 37 | G42: =+S42 -> 27 | H42: =+HOUR(V42) -> 15 | I42: =IFERROR(VLOOKUP(B42,MATRICULAS!A:B,2,0),0)*1 -> 0 | J42: 20260505 | K42: 149073269 | L42: SERVICIOS_SIP | M42: NEO1 | N42: 0 | O42: 0 | P42: CAMPAÑA | Q42: 150 | R42: 8814 - Nievas, Jimena | S42: 27 | T42: ANSWER | U42: AGENT | V42: 46147.666 | W42: 46147.666 | X42: 46147.673 | Y42: 01152741410 | Z42: 1160472080 | AA42: ENTRANTE | AB42: FULL | AC42: 1160472080-149073269-20260505155824.mp3 | AE42: NAC-CEL | AF42: NACIONAL | AG42: PAIS-CELULAR | AH42: 0 | AI42: 0 | AJ42: 0 | AK42: 0 | AL42: BL | AM42: 3 | AN42: 630 | AO42: NotSet | AP42: 37 | AQ42: 0 | AR42: 0 | AT42: |0||SIP/SERVICIOS_SIP-00005e5a|1778007540.24174|16:Normal Clearing|17:Network|7||-1|NotSet|
A43: =+CONCATENATE(DAY(V43),"/",MONTH(V43),"/",YEAR(V43),"")*1 -> 46147 | B43: =+Z43*1 -> 1127972034 | C43: =+AA43 -> ENTRANTE | D43: =VLOOKUP(Q43,Code!E:F,2,0) -> Admisiones | E43: Conectadas | F43: =+AP43 -> 37 | G43: =+S43 -> 27 | H43: =+HOUR(V43) -> 15 | I43: =IFERROR(VLOOKUP(B43,MATRICULAS!A:B,2,0),0)*1 -> 0 | J43: 20260505 | K43: 149072975 | L43: SERVICIOS_SIP | M43: NEO1 | N43: 0 | O43: 0 | P43: CAMPAÑA | Q43: 150 | R43: 8872 - Pasetti, Gisela Lorena | S43: 27 | T43: ANSWER | U43: AGENT | V43: 46147.659 | W43: 46147.659 | X43: 46147.666 | Y43: 01152741410 | Z43: 1127972034 | AA43: ENTRANTE | AB43: FULL | AC43: 1127972034-149072975-20260505154832.mp3 | AE43: LOC-FIJO | AF43: LOCAL-FIJO | AG43: LOCAL-FIJO | AH43: 0 | AI43: 0 | AJ43: 0 | AK43: 0 | AL43: BL | AM43: 3 | AN43: 604 | AO43: NotSet | AP43: 37 | AQ43: 1 | AR43: 2488486 | AT43: |0||SIP/SERVICIOS_SIP-00005c55|1778006948.23657|16:Normal Clearing|17:Network|4||-1|NotSet|
A44: =+CONCATENATE(DAY(V44),"/",MONTH(V44),"/",YEAR(V44),"")*1 -> 46147 | B44: =+Z44*1 -> 1159480846 | C44: =+AA44 -> ENTRANTE | D44: =VLOOKUP(Q44,Code!E:F,2,0) -> Admisiones | E44: Conectadas | F44: =+AP44 -> 37 | G44: =+S44 -> 27 | H44: =+HOUR(V44) -> 15 | I44: =IFERROR(VLOOKUP(B44,MATRICULAS!A:B,2,0),0)*1 -> 0 | J44: 20260505 | K44: 149072618 | L44: SERVICIOS_SIP | M44: NEO1 | N44: 0 | O44: 0 | P44: CAMPAÑA | Q44: 150 | R44: 8872 - Pasetti, Gisela Lorena | S44: 27 | T44: ANSWER | U44: AGENT | V44: 46147.651 | W44: 46147.651 | X44: 46147.654 | Y44: 01152741410 | Z44: 1159480846 | AA44: ENTRANTE | AB44: FULL | AC44: 1159480846-149072618-20260505153658.mp3 | AE44: NAC-CEL | AF44: NACIONAL | AG44: PAIS-CELULAR | AH44: 0 | AI44: 0 | AJ44: 0 | AK44: 0 | AL44: BL | AM44: 3 | AN44: 310 | AO44: NotSet | AP44: 37 | AQ44: 0 | AR44: 0 | AT44: |0||SIP/SERVICIOS_SIP-000059d8|1778006254.23020|16:Normal Clearing|17:Network|9||-1|NotSet|
A45: =+CONCATENATE(DAY(V45),"/",MONTH(V45),"/",YEAR(V45),"")*1 -> 46147 | B45: =+Z45*1 -> 1162311873 | C45: =+AA45 -> ENTRANTE | D45: =VLOOKUP(Q45,Code!E:F,2,0) -> Admisiones | E45: Conectadas | F45: =+AP45 -> 37 | G45: =+S45 -> 26 | H45: =+HOUR(V45) -> 14 | I45: =IFERROR(VLOOKUP(B45,MATRICULAS!A:B,2,0),0)*1 -> 1 | J45: 20260505 | K45: 149071293 | L45: SERVICIOS_SIP | M45: NEO1 | N45: 0 | O45: 0 | P45: CAMPAÑA | Q45: 150 | R45: 8927 - Lizarrondo, Candela | S45: 26 | T45: ANSWER | U45: AGENT | V45: 46147.613 | W45: 46147.613 | X45: 46147.616 | Y45: 01152741410 | Z45: 1162311873 | AA45: ENTRANTE | AB45: FULL | AC45: 1162311873-149071293-20260505144212.mp3 | AE45: NAC-CEL | AF45: NACIONAL | AG45: PAIS-CELULAR | AH45: 0 | AI45: 0 | AJ45: 0 | AK45: 0 | AL45: BL | AM45: 3 | AN45: 266 | AO45: NotSet | AP45: 37 | AQ45: 73 | AR45: 1922092 | AS45: Apr 22 2025 10:43AM | AT45: |0||SIP/SERVICIOS_SIP-0000501f|1778002968.20529|16:Normal Clearing|17:Network|23||-1|NotSet|
A46: =+CONCATENATE(DAY(V46),"/",MONTH(V46),"/",YEAR(V46),"")*1 -> 46147 | B46: =+Z46*1 -> 1130025940 | C46: =+AA46 -> ENTRANTE | D46: =VLOOKUP(Q46,Code!E:F,2,0) -> Admisiones | E46: Conectadas | F46: =+AP46 -> 37 | G46: =+S46 -> 26 | H46: =+HOUR(V46) -> 14 | I46: =IFERROR(VLOOKUP(B46,MATRICULAS!A:B,2,0),0)*1 -> 0 | J46: 20260505 | K46: 149070653 | L46: SERVICIOS_SIP | M46: NEO1 | N46: 0 | O46: 0 | P46: CAMPAÑA | Q46: 150 | R46: 8861 - Caceres, Martina | S46: 26 | T46: ANSWER | U46: AGENT | V46: 46147.596 | W46: 46147.596 | X46: 46147.602 | Y46: 01152741410 | Z46: 1130025940 | AA46: ENTRANTE | AB46: FULL | AC46: 1130025940-149070653-20260505141856.mp3 | AE46: NAC-CEL | AF46: NACIONAL | AG46: PAIS-CELULAR | AH46: 0 | AI46: 0 | AJ46: 0 | AK46: 0 | AL46: BL | AM46: 3 | AN46: 461 | AO46: NotSet | AP46: 37 | AQ46: 202 | AR46: 2486475 | AT46: |0||SIP/SERVICIOS_SIP-00004b80|1778001572.19342|16:Normal Clearing|16:PBX|15|SIP/GQ106-00004b94|-1|NotSet|
A47: =+CONCATENATE(DAY(V47),"/",MONTH(V47),"/",YEAR(V47),"")*1 -> 46147 | B47: =+Z47*1 -> 1161212996 | C47: =+AA47 -> ENTRANTE | D47: =VLOOKUP(Q47,Code!E:F,2,0) -> Admisiones | E47: Conectadas | F47: =+AP47 -> 37 | G47: =+S47 -> 26 | H47: =+HOUR(V47) -> 13 | I47: =IFERROR(VLOOKUP(B47,MATRICULAS!A:B,2,0),0)*1 -> 0 | J47: 20260505 | K47: 149068973 | L47: SERVICIOS_SIP | M47: NEO1 | N47: 0 | O47: 0 | P47: CAMPAÑA | Q47: 150 | R47: 8861 - Caceres, Martina | S47: 26 | T47: ANSWER | U47: AGENT | V47: 46147.551 | W47: 46147.551 | X47: 46147.565 | Y47: 01152741410 | Z47: 1161212996 | AA47: ENTRANTE | AB47: FULL | AC47: 1161212996-149068973-20260505131342.mp3 | AE47: NAC-CEL | AF47: NACIONAL | AG47: PAIS-CELULAR | AH47: 0 | AI47: 0 | AJ47: 0 | AK47: 0 | AL47: BL | AM47: 3 | AN47: 1179 | AO47: NotSet | AP47: 37 | AQ47: 1 | AR47: 2129549 | AS47: Sep 8 2025 11:18AM | AT47: |0||SIP/SERVICIOS_SIP-00003f55|1777997658.16227|16:Normal Clearing|16:PBX|6|SIP/GQ106-00003f6c|-1|NotSet|
A48: =+CONCATENATE(DAY(V48),"/",MONTH(V48),"/",YEAR(V48),"")*1 -> 46147 | B48: =+Z48*1 -> 1144923455 | C48: =+AA48 -> ENTRANTE | D48: =VLOOKUP(Q48,Code!E:F,2,0) -> Admisiones | E48: Conectadas | F48: =+AP48 -> 37 | G48: =+S48 -> 26 | H48: =+HOUR(V48) -> 12 | I48: =IFERROR(VLOOKUP(B48,MATRICULAS!A:B,2,0),0)*1 -> 0 | J48: 20260505 | K48: 149068041 | L48: SERVICIOS_SIP | M48: NEO1 | N48: 0 | O48: 0 | P48: CAMPAÑA | Q48: 150 | R48: 8861 - Caceres, Martina | S48: 26 | T48: ANSWER | U48: AGENT | V48: 46147.528 | W48: 46147.528 | X48: 46147.533 | Y48: 01152741410 | Z48: 1144923455 | AA48: ENTRANTE | AB48: FULL | AC48: 1144923455-149068041-20260505124049.mp3 | AE48: NAC-CEL | AF48: NACIONAL | AG48: PAIS-CELULAR | AH48: 0 | AI48: 0 | AJ48: 0 | AK48: 0 | AL48: BL | AM48: 3 | AN48: 365 | AO48: NotSet | AP48: 37 | AQ48: 201 | AR48: 2488058 | AT48: |0||SIP/SERVICIOS_SIP-0000390e|1777995685.14620|16:Normal Clearing|17:Network|11||-1|NotSet|
A49: =+CONCATENATE(DAY(V49),"/",MONTH(V49),"/",YEAR(V49),"")*1 -> 46147 | B49: =+Z49*1 -> 1125557416 | C49: =+AA49 -> ENTRANTE | D49: =VLOOKUP(Q49,Code!E:F,2,0) -> Admisiones | E49: Conectadas | F49: =+AP49 -> 37 | G49: =+S49 -> 26 | H49: =+HOUR(V49) -> 11 | I49: =IFERROR(VLOOKUP(B49,MATRICULAS!A:B,2,0),0)*1 -> 0 | J49: 20260505 | K49: 149066079 | L49: SERVICIOS_SIP | M49: NEO1 | N49: 0 | O49: 0 | P49: CAMPAÑA | Q49: 150 | R49: 8861 - Caceres, Martina | S49: 26 | T49: ANSWER | U49: AGENT | V49: 46147.496 | W49: 46147.496 | X49: 46147.497 | Y49: 01152741410 | Z49: 1125557416 | AA49: ENTRANTE | AB49: FULL | AC49: 1125557416-149066079-20260505115451.mp3 | AE49: LOC-FIJO | AF49: LOCAL-FIJO | AG49: LOCAL-FIJO | AH49: 0 | AI49: 0 | AJ49: 0 | AK49: 0 | AL49: BL | AM49: 3 | AN49: 87 | AO49: NotSet | AP49: 37 | AQ49: 153 | AR49: 1502360 | AT49: |0||SIP/SERVICIOS_SIP-00002be8|1777992927.11254|16:Normal Clearing|17:Network|1||-1|NotSet|
A50: =+CONCATENATE(DAY(V50),"/",MONTH(V50),"/",YEAR(V50),"")*1 -> 46147 | B50: =+Z50*1 -> 2281476633 | C50: =+AA50 -> ENTRANTE | D50: =VLOOKUP(Q50,Code!E:F,2,0) -> Admisiones | E50: Conectadas | F50: =+AP50 -> 37 | G50: =+S50 -> 26 | H50: =+HOUR(V50) -> 11 | I50: =IFERROR(VLOOKUP(B50,MATRICULAS!A:B,2,0),0)*1 -> 0 | J50: 20260505 | K50: 149065335 | L50: SERVICIOS_SIP | M50: NEO1 | N50: 0 | O50: 0 | P50: CAMPAÑA | Q50: 150 | R50: 8160 - QUEVEDO, JOAHANA | S50: 26 | T50: ANSWER | U50: AGENT | V50: 46147.483 | W50: 46147.483 | X50: 46147.491 | Y50: 01152741410 | Z50: 2281476633 | AA50: ENTRANTE | AB50: FULL | AC50: 2281476633-149065335-20260505113559.mp3 | AE50: NAC-CEL | AF50: NACIONAL | AG50: PAIS-CELULAR | AH50: 0 | AI50: 0 | AJ50: 0 | AK50: 0 | AL50: BL | AM50: 3 | AN50: 652 | AO50: NotSet | AP50: 37 | AQ50: 158 | AR50: 1701142 | AT50: |0||SIP/SERVICIOS_SIP-00002712|1777991796.10016|16:Normal Clearing|17:Network|18||-1|NotSet|
A51: =+CONCATENATE(DAY(V51),"/",MONTH(V51),"/",YEAR(V51),"")*1 -> 46147 | B51: =+Z51*1 -> 1136977995 | C51: =+AA51 -> ENTRANTE | D51: =VLOOKUP(Q51,Code!E:F,2,0) -> Admisiones | E51: Conectadas | F51: =+AP51 -> 37 | G51: =+S51 -> 26 | H51: =+HOUR(V51) -> 11 | I51: =IFERROR(VLOOKUP(B51,MATRICULAS!A:B,2,0),0)*1 -> 0 | J51: 20260505 | K51: 149064980 | L51: SERVICIOS_SIP | M51: NEO1 | N51: 0 | O51: 0 | P51: CAMPAÑA | Q51: 150 | R51: 8861 - Caceres, Martina | S51: 26 | T51: ANSWER | U51: AGENT | V51: 46147.475 | W51: 46147.475 | X51: 46147.487 | Y51: 01152741410 | Z51: 1136977995 | AA51: ENTRANTE | AB51: FULL | AC51: 1136977995-149064980-20260505112436.mp3 | AE51: NAC-CEL | AF51: NACIONAL | AG51: PAIS-CELULAR | AH51: 0 | AI51: 0 | AJ51: 0 | AK51: 0 | AL51: BL | AM51: 3 | AN51: 1042 | AO51: NotSet | AP51: 37 | AQ51: 202 | AR51: 2487098 | AT51: |0||SIP/SERVICIOS_SIP-000024b6|1777991113.9412|16:Normal Clearing|17:Network|1||-1|NotSet|
A52: =+CONCATENATE(DAY(V52),"/",MONTH(V52),"/",YEAR(V52),"")*1 -> 46147 | B52: =+Z52*1 -> 2996239844 | C52: =+AA52 -> ENTRANTE | D52: =VLOOKUP(Q52,Code!E:F,2,0) -> Admisiones | E52: Conectadas | F52: =+AP52 -> 37 | G52: =+S52 -> 26 | H52: =+HOUR(V52) -> 10 | I52: =IFERROR(VLOOKUP(B52,MATRICULAS!A:B,2,0),0)*1 -> 0 | J52: 20260505 | K52: 149063899 | L52: SERVICIOS_SIP | M52: NEO1 | N52: 0 | O52: 0 | P52: CAMPAÑA | Q52: 150 | R52: 8160 - QUEVEDO, JOAHANA | S52: 26 | T52: ANSWER | U52: AGENT | V52: 46147.452 | W52: 46147.452 | X52: 46147.455 | Y52: 01152741410 | Z52: 2996239844 | AA52: ENTRANTE | AB52: FULL | AC52: 2996239844-149063899-20260505105109.mp3 | AE52: NAC-FIJO | AF52: NEUQUEN | AG52: NEUQUEN | AH52: 0 | AI52: 0 | AJ52: 0 | AK52: 0 | AL52: BL | AM52: 3 | AN52: 260 | AO52: NotSet | AP52: 37 | AQ52: 1 | AR52: 2488046 | AT52: |0||SIP/SERVICIOS_SIP-00001d27|1777989106.7476|16:Normal Clearing|17:Network|7||-1|NotSet|
A53: =+CONCATENATE(DAY(V53),"/",MONTH(V53),"/",YEAR(V53),"")*1 -> 46147 | B53: =+Z53*1 -> 3516507097 | C53: =+AA53 -> ENTRANTE | D53: =VLOOKUP(Q53,Code!E:F,2,0) -> Admisiones | E53: Conectadas | F53: =+AP53 -> 37 | G53: =+S53 -> 26 | H53: =+HOUR(V53) -> 10 | I53: =IFERROR(VLOOKUP(B53,MATRICULAS!A:B,2,0),0)*1 -> 0 | J53: 20260505 | K53: 149063865 | L53: SERVICIOS_SIP | M53: NEO1 | N53: 0 | O53: 0 | P53: CAMPAÑA | Q53: 150 | R53: 8861 - Caceres, Martina | S53: 26 | T53: ANSWER | U53: AGENT | V53: 46147.451 | W53: 46147.451 | X53: 46147.46 | Y53: 01152741410 | Z53: 3516507097 | AA53: ENTRANTE | AB53: FULL | AC53: 3516507097-149063865-20260505104950.mp3 | AE53: NAC-CEL | AF53: NACIONAL | AG53: PAIS-CELULAR | AH53: 0 | AI53: 0 | AJ53: 0 | AK53: 0 | AL53: BL | AM53: 3 | AN53: 761 | AO53: NotSet | AP53: 37 | AQ53: 159 | AR53: 1729233 | AT53: |0||SIP/SERVICIOS_SIP-00001ceb|1777989026.7416|16:Normal Clearing|16:PBX|27|SIP/GQ106-00001cf4|-1|NotSet|
A54: =+CONCATENATE(DAY(V54),"/",MONTH(V54),"/",YEAR(V54),"")*1 -> 46148 | B54: =+Z54*1 -> 3564331928 | C54: =+AA54 -> ENTRANTE | D54: =VLOOKUP(Q54,Code!E:F,2,0) -> Admisiones | E54: Conectadas | F54: =+AP54 -> 37 | G54: =+S54 -> 27 | H54: =+HOUR(V54) -> 20 | I54: =IFERROR(VLOOKUP(B54,MATRICULAS!A:B,2,0),0)*1 -> 0 | J54: 20260506 | K54: 149098300 | L54: SERVICIOS_SIP | M54: NEO1 | N54: 0 | O54: 0 | P54: CAMPAÑA | Q54: 150 | R54: 8872 - Pasetti, Gisela Lorena | S54: 27 | T54: ANSWER | U54: AGENT | V54: 46148.849 | W54: 46148.849 | X54: 46148.85 | Y54: 01152741410 | Z54: 3564331928 | AA54: ENTRANTE | AB54: FULL | AC54: 3564331928-149098300-20260506202241.mp3 | AE54: NAC-CEL | AF54: NACIONAL | AG54: PAIS-CELULAR | AH54: 0 | AI54: 0 | AJ54: 0 | AK54: 0 | AL54: BL | AM54: 3 | AN54: 77 | AO54: NotSet | AP54: 37 | AQ54: 202 | AR54: 2490084 | AT54: |0||SIP/SERVICIOS_SIP-0000e5df|1778109799.58859|16:Normal Clearing|17:Network|4||-1|NotSet|
A55: =+CONCATENATE(DAY(V55),"/",MONTH(V55),"/",YEAR(V55),"")*1 -> 46148 | B55: =+Z55*1 -> 1162206173 | C55: =+AA55 -> ENTRANTE | D55: =VLOOKUP(Q55,Code!E:F,2,0) -> Admisiones | E55: Conectadas | F55: =+AP55 -> 37 | G55: =+S55 -> 27 | H55: =+HOUR(V55) -> 20 | I55: =IFERROR(VLOOKUP(B55,MATRICULAS!A:B,2,0),0)*1 -> 0 | J55: 20260506 | K55: 149098170 | L55: SERVICIOS_SIP | M55: NEO1 | N55: 0 | O55: 0 | P55: CAMPAÑA | Q55: 150 | R55: 8814 - Nievas, Jimena | S55: 27 | T55: ANSWER | U55: AGENT | V55: 46148.844 | W55: 46148.844 | X55: 46148.852 | Y55: 01152741410 | Z55: 1162206173 | AA55: ENTRANTE | AB55: FULL | AC55: 1162206173-149098170-20260506201535.mp3 | AE55: NAC-CEL | AF55: NACIONAL | AG55: PAIS-CELULAR | AH55: 0 | AI55: 0 | AJ55: 0 | AK55: 0 | AL55: BL | AM55: 3 | AN55: 650 | AO55: NotSet | AP55: 37 | AQ55: 201 | AR55: 2489946 | AT55: |0||SIP/SERVICIOS_SIP-0000e4cf|1778109373.58587|16:Normal Clearing|17:Network|1||-1|NotSet|
A56: =+CONCATENATE(DAY(V56),"/",MONTH(V56),"/",YEAR(V56),"")*1 -> 46148 | B56: =+Z56*1 -> 1159560749 | C56: =+AA56 -> ENTRANTE | D56: =VLOOKUP(Q56,Code!E:F,2,0) -> Admisiones | E56: Conectadas | F56: =+AP56 -> 37 | G56: =+S56 -> 5 | H56: =+HOUR(V56) -> 20 | I56: =IFERROR(VLOOKUP(B56,MATRICULAS!A:B,2,0),0)*1 -> 0 | J56: 20260506 | K56: 149097937 | L56: SERVICIOS_SIP | M56: NEO1 | N56: 0 | O56: 0 | P56: CAMPAÑA | Q56: 150 | R56: 8938 - Spertino, Exequiel | S56: 5 | T56: ANSWER | U56: AGENT | V56: 46148.837 | W56: 46148.837 | X56: 46148.838 | Y56: 01152741410 | Z56: 1159560749 | AA56: ENTRANTE | AB56: FULL | AC56: 1159560749-149097937-20260506200455.mp3 | AE56: NAC-CEL | AF56: NACIONAL | AG56: PAIS-CELULAR | AH56: 0 | AI56: 0 | AJ56: 0 | AK56: 0 | AL56: BL | AM56: 3 | AN56: 102 | AO56: NotSet | AP56: 37 | AQ56: 0 | AR56: 0 | AT56: |0||SIP/SERVICIOS_SIP-0000e2fc|1778108733.58120|16:Normal Clearing|16:PBX|1|SIP/GQ114-0000e310|-1|NotSet|
A57: =+CONCATENATE(DAY(V57),"/",MONTH(V57),"/",YEAR(V57),"")*1 -> 46148 | B57: =+Z57*1 -> 3537586797 | C57: =+AA57 -> ENTRANTE | D57: =VLOOKUP(Q57,Code!E:F,2,0) -> Admisiones | E57: Conectadas | F57: =+AP57 -> 37 | G57: =+S57 -> 27 | H57: =+HOUR(V57) -> 20 | I57: =IFERROR(VLOOKUP(B57,MATRICULAS!A:B,2,0),0)*1 -> 0 | J57: 20260506 | K57: 149097844 | L57: SERVICIOS_SIP | M57: NEO1 | N57: 0 | O57: 0 | P57: CAMPAÑA | Q57: 150 | R57: 8872 - Pasetti, Gisela Lorena | S57: 27 | T57: ANSWER | U57: AGENT | V57: 46148.834 | W57: 46148.834 | X57: 46148.838 | Y57: 01152741410 | Z57: 3537586797 | AA57: ENTRANTE | AB57: FULL | AC57: 3537586797-149097844-20260506200034.mp3 | AE57: NAC-CEL | AF57: NACIONAL | AG57: PAIS-CELULAR | AH57: 0 | AI57: 0 | AJ57: 0 | AK57: 0 | AL57: BL | AM57: 3 | AN57: 400 | AO57: NotSet | AP57: 37 | AQ57: 202 | AR57: 2490048 | AT57: |0||SIP/SERVICIOS_SIP-0000e243|1778108472.57935|16:Normal Clearing|17:Network|14||-1|NotSet|
A58: =+CONCATENATE(DAY(V58),"/",MONTH(V58),"/",YEAR(V58),"")*1 -> 46148 | B58: =+Z58*1 -> #VALUE! | C58: =+AA58 -> ENTRANTE | D58: =VLOOKUP(Q58,Code!E:F,2,0) -> Admisiones | E58: Conectadas | F58: =+AP58 -> 37 | G58: =+S58 -> 27 | H58: =+HOUR(V58) -> 19 | I58: =IFERROR(VLOOKUP(B58,MATRICULAS!A:B,2,0),0)*1 -> 0 | J58: 20260506 | K58: 149097809 | L58: SERVICIOS_SIP | M58: NEO1 | N58: 0 | O58: 0 | P58: CAMPAÑA | Q58: 150 | R58: 8957 - Bustos, Juan Ignacio | S58: 27 | T58: ANSWER | U58: AGENT | V58: 46148.833 | W58: 46148.833 | X58: 46148.844 | Y58: 01152741410 | Z58: anonymous | AA58: ENTRANTE | AB58: FULL | AC58: anonymous-149097809-20260506195859.mp3 | AE58: UNKNOWN | AF58: ??? | AG58: ??? | AH58: 0 | AI58: 0 | AJ58: 0 | AK58: 0 | AL58: BL | AM58: 3 | AN58: 1014 | AO58: NotSet | AP58: 37 | AQ58: 0 | AR58: 0 | AT58: |0||SIP/SERVICIOS_SIP-0000e1f6|1778108377.57858|16:Normal Clearing|17:Network|17||-1|NotSet|
A59: =+CONCATENATE(DAY(V59),"/",MONTH(V59),"/",YEAR(V59),"")*1 -> 46148 | B59: =+Z59*1 -> 3704338160 | C59: =+AA59 -> ENTRANTE | D59: =VLOOKUP(Q59,Code!E:F,2,0) -> Admisiones | E59: Conectadas | F59: =+AP59 -> 37 | G59: =+S59 -> 27 | H59: =+HOUR(V59) -> 18 | I59: =IFERROR(VLOOKUP(B59,MATRICULAS!A:B,2,0),0)*1 -> 0 | J59: 20260506 | K59: 149096076 | L59: SERVICIOS_SIP | M59: NEO1 | N59: 0 | O59: 0 | P59: CAMPAÑA | Q59: 150 | R59: 8864 - González, Maitena | S59: 27 | T59: ANSWER | U59: AGENT | V59: 46148.782 | W59: 46148.782 | X59: 46148.783 | Y59: 01152741410 | Z59: 3704338160 | AA59: ENTRANTE | AB59: FULL | AC59: 3704338160-149096076-20260506184612.mp3 | AE59: NAC-CEL | AF59: NACIONAL | AG59: PAIS-CELULAR | AH59: 0 | AI59: 0 | AJ59: 0 | AK59: 0 | AL59: BL | AM59: 3 | AN59: 117 | AO59: NotSet | AP59: 37 | AQ59: 0 | AR59: 0 | AT59: |0||SIP/SERVICIOS_SIP-0000d493|1778104010.54430|16:Normal Clearing|16:PBX|17|SIP/Z8864-0000d4a5|-1|NotSet|
... A62: =+CONCATENATE(DAY(V62),"/",MONTH(V62),"/",YEAR(V62),"")*1 -> 46148 | B62: =+Z62*1 -> 1159246781 | C62: =+AA62 -> ENTRANTE | D62: =VLOOKUP(Q62,Code!E:F,2,0) -> Admisiones | E62: Conectadas | F62: =+AP62 -> 37 | G62: =+S62 -> 27 | H62: =+HOUR(V62) -> 17 | I62: =IFERROR(VLOOKUP(B62,MATRICULAS!A:B,2,0),0)*1 -> 0 | J62: 20260506 | K62: 149094453 | L62: SERVICIOS_SIP | M62: NEO1 | N62: 0 | O62: 0 | P62: CAMPAÑA | Q62: 150 | R62: 8872 - Pasetti, Gisela Lorena | S62: 27 | T62: ANSWER | U62: AGENT | V62: 46148.726 | W62: 46148.726 | X62: 46148.727 | Y62: 01152741410 | Z62: 1159246781 | AA62: ENTRANTE | AB62: FULL | AC62: 1159246781-149094453-20260506172537.mp3 | AE62: NAC-CEL | AF62: NACIONAL | AG62: PAIS-CELULAR | AH62: 0 | AI62: 0 | AJ62: 0 | AK62: 0 | AL62: BL | AM62: 3 | AN62: 91 | AO62: NotSet | AP62: 37 | AQ62: 201 | AR62: 2489856 | AT62: |0||SIP/SERVICIOS_SIP-0000c750|1778099175.51034|16:Normal Clearing|17:Network|2||-1|NotSet|
A63: =+CONCATENATE(DAY(V63),"/",MONTH(V63),"/",YEAR(V63),"")*1 -> 46148 | B63: =+Z63*1 -> 3546420921 | C63: =+AA63 -> ENTRANTE | D63: =VLOOKUP(Q63,Code!E:F,2,0) -> Admisiones | E63: Conectadas | F63: =+AP63 -> 37 | G63: =+S63 -> 27 | H63: =+HOUR(V63) -> 17 | I63: =IFERROR(VLOOKUP(B63,MATRICULAS!A:B,2,0),0)*1 -> 0 | J63: 20260506 | K63: 149094082 | L63: SERVICIOS_SIP | M63: NEO1 | N63: 0 | O63: 0 | P63: CAMPAÑA | Q63: 150 | R63: 8872 - Pasetti, Gisela Lorena | S63: 27 | T63: ANSWER | U63: AGENT | V63: 46148.71 | W63: 46148.71 | X63: 46148.71 | Y63: 01152741410 | Z63: 3546420921 | AA63: ENTRANTE | AB63: FULL | AC63: 3546420921-149094082-20260506170225.mp3 | AE63: NAC-FIJO | AF63: CORDOBA | AG63: SANTA ROSA DE CALAMUCHITA | AH63: 0 | AI63: 0 | AJ63: 0 | AK63: 0 | AL63: BL | AM63: 3 | AN63: 31 | AO63: NotSet | AP63: 37 | AQ63: 1 | AR63: 2489823 | AS63: May 6 2026 4:59PM | AT63: |0||SIP/SERVICIOS_SIP-0000c467|1778097784.50289|16:Normal Clearing|16:PBX|2||-1|NotSet|
A64: =+CONCATENATE(DAY(V64),"/",MONTH(V64),"/",YEAR(V64),"")*1 -> 46148 | B64: =+Z64*1 -> 2932477185 | C64: =+AA64 -> ENTRANTE | D64: =VLOOKUP(Q64,Code!E:F,2,0) -> Admisiones | E64: Conectadas | F64: =+AP64 -> 37 | G64: =+S64 -> 27 | H64: =+HOUR(V64) -> 16 | I64: =IFERROR(VLOOKUP(B64,MATRICULAS!A:B,2,0),0)*1 -> 1 | J64: 20260506 | K64: 149093841 | L64: SERVICIOS_SIP | M64: NEO1 | N64: 0 | O64: 0 | P64: CAMPAÑA | Q64: 150 | R64: 8872 - Pasetti, Gisela Lorena | S64: 27 | T64: ANSWER | U64: AGENT | V64: 46148.7 | W64: 46148.7 | X64: 46148.707 | Y64: 01152741410 | Z64: 2932477185 | AA64: ENTRANTE | AB64: FULL | AC64: 2932477185-149093841-20260506164725.mp3 | AE64: NAC-CEL | AF64: NACIONAL | AG64: PAIS-CELULAR | AH64: 0 | AI64: 0 | AJ64: 0 | AK64: 0 | AL64: BL | AM64: 3 | AN64: 606 | AO64: NotSet | AP64: 37 | AQ64: 201 | AR64: 2489584 | AT64: |0||SIP/SERVICIOS_SIP-0000bb8a|1778096884.48020|16:Normal Clearing|17:Network|17||-1|NotSet|
A65: =+CONCATENATE(DAY(V65),"/",MONTH(V65),"/",YEAR(V65),"")*1 -> 46148 | B65: =+Z65*1 -> 2645328482 | C65: =+AA65 -> ENTRANTE | D65: =VLOOKUP(Q65,Code!E:F,2,0) -> Admisiones | E65: Conectadas | F65: =+AP65 -> 37 | G65: =+S65 -> 27 | H65: =+HOUR(V65) -> 16 | I65: =IFERROR(VLOOKUP(B65,MATRICULAS!A:B,2,0),0)*1 -> 0 | J65: 20260506 | K65: 149093801 | L65: SERVICIOS_SIP | M65: NEO1 | N65: 0 | O65: 0 | P65: CAMPAÑA | Q65: 150 | R65: 8935 - Marinelli, Elias | S65: 27 | T65: ANSWER | U65: AGENT | V65: 46148.698 | W65: 46148.698 | X65: 46148.701 | Y65: 01152741410 | Z65: 2645328482 | AA65: ENTRANTE | AB65: FULL | AC65: 2645328482-149093801-20260506164526.mp3 | AE65: NAC-CEL | AF65: NACIONAL | AG65: PAIS-CELULAR | AH65: 0 | AI65: 0 | AJ65: 0 | AK65: 0 | AL65: BL | AM65: 3 | AN65: 246 | AO65: NotSet | AP65: 37 | AQ65: 201 | AR65: 2487451 | AT65: |0||SIP/SERVICIOS_SIP-0000bb2e|1778096764.47928|16:Normal Clearing|17:Network|16||-1|NotSet|
A66: =+CONCATENATE(DAY(V66),"/",MONTH(V66),"/",YEAR(V66),"")*1 -> 46148 | B66: =+Z66*1 -> 2984522648 | C66: =+AA66 -> ENTRANTE | D66: =VLOOKUP(Q66,Code!E:F,2,0) -> Admisiones | E66: Conectadas | F66: =+AP66 -> 37 | G66: =+S66 -> 27 | H66: =+HOUR(V66) -> 16 | I66: =IFERROR(VLOOKUP(B66,MATRICULAS!A:B,2,0),0)*1 -> 0 | J66: 20260506 | K66: 149093790 | L66: SERVICIOS_SIP | M66: NEO1 | N66: 0 | O66: 0 | P66: CAMPAÑA | Q66: 150 | R66: 8957 - Bustos, Juan Ignacio | S66: 27 | T66: ANSWER | U66: AGENT | V66: 46148.698 | W66: 46148.698 | X66: 46148.703 | Y66: 01152741410 | Z66: 2984522648 | AA66: ENTRANTE | AB66: FULL | AC66: 2984522648-149093790-20260506164506.mp3 | AE66: NAC-CEL | AF66: NACIONAL | AG66: PAIS-CELULAR | AH66: 0 | AI66: 0 | AJ66: 0 | AK66: 0 | AL66: BL | AM66: 3 | AN66: 398 | AO66: NotSet | AP66: 37 | AQ66: 202 | AR66: 2488129 | AT66: |0||SIP/SERVICIOS_SIP-0000bb19|1778096744.47907|16:Normal Clearing|16:PBX|15|SIP/GQ116-0000bb30|-1|NotSet|
A67: =+CONCATENATE(DAY(V67),"/",MONTH(V67),"/",YEAR(V67),"")*1 -> 46148 | B67: =+Z67*1 -> 1121611655 | C67: =+AA67 -> ENTRANTE | D67: =VLOOKUP(Q67,Code!E:F,2,0) -> Admisiones | E67: Conectadas | F67: =+AP67 -> 37 | G67: =+S67 -> 27 | H67: =+HOUR(V67) -> 16 | I67: =IFERROR(VLOOKUP(B67,MATRICULAS!A:B,2,0),0)*1 -> 0 | J67: 20260506 | K67: 149093227 | L67: SERVICIOS_SIP | M67: NEO1 | N67: 0 | O67: 0 | P67: CAMPAÑA | Q67: 150 | R67: 8872 - Pasetti, Gisela Lorena | S67: 27 | T67: ANSWER | U67: AGENT | V67: 46148.679 | W67: 46148.679 | X67: 46148.679 | Y67: 01152741410 | Z67: 1121611655 | AA67: ENTRANTE | AB67: FULL | AC67: 1121611655-149093227-20260506161746.mp3 | AE67: NAC-CEL | AF67: NACIONAL | AG67: PAIS-CELULAR | AH67: 0 | AI67: 0 | AJ67: 0 | AK67: 0 | AL67: BL | AM67: 3 | AN67: 37 | AO67: NotSet | AP67: 37 | AQ67: 0 | AR67: 0 | AT67: |0||SIP/SERVICIOS_SIP-0000ad8c|1778095104.44437|16:Normal Clearing|16:PBX|10|SIP/Z8872-0000b68f|-1|NotSet|
A68: =+CONCATENATE(DAY(V68),"/",MONTH(V68),"/",YEAR(V68),"")*1 -> 46148 | B68: =+Z68*1 -> 3874560134 | C68: =+AA68 -> ENTRANTE | D68: =VLOOKUP(Q68,Code!E:F,2,0) -> Admisiones | E68: Conectadas | F68: =+AP68 -> 37 | G68: =+S68 -> 27 | H68: =+HOUR(V68) -> 16 | I68: =IFERROR(VLOOKUP(B68,MATRICULAS!A:B,2,0),0)*1 -> 0 | J68: 20260506 | K68: 149092922 | L68: SERVICIOS_SIP | M68: NEO1 | N68: 0 | O68: 0 | P68: CAMPAÑA | Q68: 150 | R68: 8814 - Nievas, Jimena | S68: 27 | T68: ANSWER | U68: AGENT | V68: 46148.667 | W68: 46148.667 | X68: 46148.674 | Y68: 01152741410 | Z68: 3874560134 | AA68: ENTRANTE | AB68: FULL | AC68: 3874560134-149092922-20260506160008.mp3 | AE68: NAC-CEL | AF68: NACIONAL | AG68: PAIS-CELULAR | AH68: 0 | AI68: 0 | AJ68: 0 | AK68: 0 | AL68: BL | AM68: 3 | AN68: 658 | AO68: NotSet | AP68: 37 | AQ68: 179 | AR68: 2094217 | AT68: |0||SIP/SERVICIOS_SIP-00006880|1778094046.26761|16:Normal Clearing|17:Network|11||-1|NotSet|
A69: =+CONCATENATE(DAY(V69),"/",MONTH(V69),"/",YEAR(V69),"")*1 -> 46148 | B69: =+Z69*1 -> 1151609356 | C69: =+AA69 -> ENTRANTE | D69: =VLOOKUP(Q69,Code!E:F,2,0) -> Admisiones | E69: Conectadas | F69: =+AP69 -> 37 | G69: =+S69 -> 26 | H69: =+HOUR(V69) -> 14 | I69: =IFERROR(VLOOKUP(B69,MATRICULAS!A:B,2,0),0)*1 -> 0 | J69: 20260506 | K69: 149090554 | L69: SERVICIOS_SIP | M69: NEO1 | N69: 0 | O69: 0 | P69: CAMPAÑA | Q69: 150 | R69: 8927 - Lizarrondo, Candela | S69: 26 | T69: ANSWER | U69: AGENT | V69: 46148.601 | W69: 46148.601 | X69: 46148.602 | Y69: 01152741410 | Z69: 1151609356 | AA69: ENTRANTE | AB69: FULL | AC69: 1151609356-149090554-20260506142448.mp3 | AE69: NAC-CEL | AF69: NACIONAL | AG69: PAIS-CELULAR | AH69: 0 | AI69: 0 | AJ69: 0 | AK69: 0 | AL69: BL | AM69: 3 | AN69: 88 | AO69: NotSet | AP69: 37 | AQ69: 0 | AR69: 0 | AT69: |0||SIP/SERVICIOS_SIP-0000565d|1778088326.22116|16:Normal Clearing|17:Network|14||-1|NotSet|
A70: =+CONCATENATE(DAY(V70),"/",MONTH(V70),"/",YEAR(V70),"")*1 -> 46148 | B70: =+Z70*1 -> 1178938939 | C70: =+AA70 -> ENTRANTE | D70: =VLOOKUP(Q70,Code!E:F,2,0) -> Admisiones | E70: Conectadas | F70: =+AP70 -> 37 | G70: =+S70 -> 26 | H70: =+HOUR(V70) -> 14 | I70: =IFERROR(VLOOKUP(B70,MATRICULAS!A:B,2,0),0)*1 -> 0 | J70: 20260506 | K70: 149090280 | L70: SERVICIOS_SIP | M70: NEO1 | N70: 0 | O70: 0 | P70: CAMPAÑA | Q70: 150 | R70: 8861 - Caceres, Martina | S70: 26 | T70: ANSWER | U70: AGENT | V70: 46148.593 | W70: 46148.593 | X70: 46148.601 | Y70: 01152741410 | Z70: 1178938939 | AA70: ENTRANTE | AB70: FULL | AC70: 1178938939-149090280-20260506141324.mp3 | AE70: LOC-FIJO | AF70: LOCAL-FIJO | AG70: LOCAL-FIJO | AH70: 0 | AI70: 0 | AJ70: 0 | AK70: 0 | AL70: BL | AM70: 3 | AN70: 714 | AO70: NotSet | AP70: 37 | AQ70: 202 | AR70: 2489515 | AT70: |0||SIP/SERVICIOS_SIP-00005439|1778087642.21568|16:Normal Clearing|16:PBX|6|SIP/GQ106-0000545a|-1|NotSet|
A71: =+CONCATENATE(DAY(V71),"/",MONTH(V71),"/",YEAR(V71),"")*1 -> 46148 | B71: =+Z71*1 -> 2964493860 | C71: =+AA71 -> ENTRANTE | D71: =VLOOKUP(Q71,Code!E:F,2,0) -> Admisiones | E71: Conectadas | F71: =+AP71 -> 37 | G71: =+S71 -> 26 | H71: =+HOUR(V71) -> 13 | I71: =IFERROR(VLOOKUP(B71,MATRICULAS!A:B,2,0),0)*1 -> 0 | J71: 20260506 | K71: 149089404 | L71: SERVICIOS_SIP | M71: NEO1 | N71: 0 | O71: 0 | P71: CAMPAÑA | Q71: 150 | R71: 8160 - QUEVEDO, JOAHANA | S71: 26 | T71: ANSWER | U71: AGENT | V71: 46148.573 | W71: 46148.573 | X71: 46148.58 | Y71: 01152741410 | Z71: 2964493860 | AA71: ENTRANTE | AB71: FULL | AC71: 2964493860-149089404-20260506134528.mp3 | AE71: NAC-CEL | AF71: NACIONAL | AG71: PAIS-CELULAR | AH71: 0 | AI71: 0 | AJ71: 0 | AK71: 0 | AL71: BL | AM71: 3 | AN71: 595 | AO71: NotSet | AP71: 37 | AQ71: 191 | AR71: 2336226 | AT71: |0||SIP/SERVICIOS_SIP-00004da7|1778085967.19885|16:Normal Clearing|17:Network|20||-1|NotSet|
A72: =+CONCATENATE(DAY(V72),"/",MONTH(V72),"/",YEAR(V72),"")*1 -> 46148 | B72: =+Z72*1 -> 1160110693 | C72: =+AA72 -> ENTRANTE | D72: =VLOOKUP(Q72,Code!E:F,2,0) -> Admisiones | E72: Conectadas | F72: =+AP72 -> 37 | G72: =+S72 -> 26 | H72: =+HOUR(V72) -> 13 | I72: =IFERROR(VLOOKUP(B72,MATRICULAS!A:B,2,0),0)*1 -> 0 | J72: 20260506 | K72: 149088246 | L72: SERVICIOS_SIP | M72: NEO1 | N72: 0 | O72: 0 | P72: CAMPAÑA | Q72: 150 | R72: 8160 - QUEVEDO, JOAHANA | S72: 26 | T72: ANSWER | U72: AGENT | V72: 46148.547 | W72: 46148.547 | X72: 46148.552 | Y72: 01152741410 | Z72: 1160110693 | AA72: ENTRANTE | AB72: FULL | AC72: 1160110693-149088246-20260506130739.mp3 | AE72: NAC-CEL | AF72: NACIONAL | AG72: PAIS-CELULAR | AH72: 0 | AI72: 0 | AJ72: 0 | AK72: 0 | AL72: BL | AM72: 3 | AN72: 407 | AO72: NotSet | AP72: 37 | AQ72: 1 | AR72: 2489494 | AT72: |0||SIP/SERVICIOS_SIP-000044ec|1778083697.17650|16:Normal Clearing|17:Network|4||-1|NotSet|
A73: =+CONCATENATE(DAY(V73),"/",MONTH(V73),"/",YEAR(V73),"")*1 -> 46148 | B73: =+Z73*1 -> 3446375098 | C73: =+AA73 -> ENTRANTE | D73: =VLOOKUP(Q73,Code!E:F,2,0) -> Admisiones | E73: Conectadas | F73: =+AP73 -> 37 | G73: =+S73 -> 26 | H73: =+HOUR(V73) -> 12 | I73: =IFERROR(VLOOKUP(B73,MATRICULAS!A:B,2,0),0)*1 -> 1 | J73: 20260506 | K73: 149088101 | L73: SERVICIOS_SIP | M73: NEO1 | N73: 0 | O73: 0 | P73: CAMPAÑA | Q73: 150 | R73: 8861 - Caceres, Martina | S73: 26 | T73: ANSWER | U73: AGENT | V73: 46148.542 | W73: 46148.542 | X73: 46148.561 | Y73: 01152741410 | Z73: 3446375098 | AA73: ENTRANTE | AB73: FULL | AC73: 3446375098-149088101-20260506125949.mp3 | AE73: NAC-FIJO | AF73: ENTRE RIOS | AG73: GUALEGUAYCHU | AH73: 0 | AI73: 0 | AJ73: 0 | AK73: 0 | AL73: BL | AM73: 3 | AN73: 1697 | AO73: NotSet | AP73: 37 | AQ73: 202 | AR73: 2489370 | AT73: |0||SIP/SERVICIOS_SIP-000043b7|1778083228.17341|16:Normal Clearing|16:PBX|0||-1|NotSet|
A74: =+CONCATENATE(DAY(V74),"/",MONTH(V74),"/",YEAR(V74),"")*1 -> 46148 | B74: =+Z74*1 -> 1126430242 | C74: =+AA74 -> ENTRANTE | D74: =VLOOKUP(Q74,Code!E:F,2,0) -> Admisiones | E74: Conectadas | F74: =+AP74 -> 37 | G74: =+S74 -> 26 | H74: =+HOUR(V74) -> 12 | I74: =IFERROR(VLOOKUP(B74,MATRICULAS!A:B,2,0),0)*1 -> 0 | J74: 20260506 | K74: 149087740 | L74: SERVICIOS_SIP | M74: NEO1 | N74: 0 | O74: 0 | P74: CAMPAÑA | Q74: 150 | R74: 8160 - QUEVEDO, JOAHANA | S74: 26 | T74: ANSWER | U74: AGENT | V74: 46148.53 | W74: 46148.53 | X74: 46148.538 | Y74: 01152741410 | Z74: 1126430242 | AA74: ENTRANTE | AB74: FULL | AC74: 1126430242-149087740-20260506124352.mp3 | AE74: LOC-FIJO | AF74: LOCAL-FIJO | AG74: LOCAL-FIJO | AH74: 0 | AI74: 0 | AJ74: 0 | AK74: 0 | AL74: BL | AM74: 3 | AN74: 658 | AO74: NotSet | AP74: 37 | AQ74: 1 | AR74: 2489465 | AT74: |0||SIP/SERVICIOS_SIP-00004096|1778082270.16540|16:Normal Clearing|17:Network|6||-1|NotSet|
A75: =+CONCATENATE(DAY(V75),"/",MONTH(V75),"/",YEAR(V75),"")*1 -> 46148 | B75: =+Z75*1 -> 1125338329 | C75: =+AA75 -> ENTRANTE | D75: =VLOOKUP(Q75,Code!E:F,2,0) -> Admisiones | E75: Conectadas | F75: =+AP75 -> 37 | G75: =+S75 -> 26 | H75: =+HOUR(V75) -> 12 | I75: =IFERROR(VLOOKUP(B75,MATRICULAS!A:B,2,0),0)*1 -> 0 | J75: 20260506 | K75: 149087666 | L75: SERVICIOS_SIP | M75: NEO1 | N75: 0 | O75: 0 | P75: CAMPAÑA | Q75: 150 | R75: 8861 - Caceres, Martina | S75: 26 | T75: ANSWER | U75: AGENT | V75: 46148.529 | W75: 46148.529 | X75: 46148.534 | Y75: 01152741410 | Z75: 1125338329 | AA75: ENTRANTE | AB75: FULL | AC75: 1125338329-149087666-20260506124116.mp3 | AE75: LOC-FIJO | AF75: LOCAL-FIJO | AG75: LOCAL-FIJO | AH75: 0 | AI75: 0 | AJ75: 0 | AK75: 0 | AL75: BL | AM75: 3 | AN75: 424 | AO75: NotSet | AP75: 37 | AQ75: 202 | AR75: 2488255 | AT75: |0||SIP/SERVICIOS_SIP-00003ffc|1778082115.16386|16:Normal Clearing|17:Network|21||-1|NotSet|
... A107: =+CONCATENATE(DAY(V107),"/",MONTH(V107),"/",YEAR(V107),"")*1 -> 46150 | B107: =+Z107*1 -> 1147783149 | C107: =+AA107 -> ENTRANTE | D107: =VLOOKUP(Q107,Code!E:F,2,0) -> Admisiones | E107: Conectadas | F107: =+AP107 -> 37 | G107: =+S107 -> 26 | H107: =+HOUR(V107) -> 14 | I107: =IFERROR(VLOOKUP(B107,MATRICULAS!A:B,2,0),0)*1 -> 0 | J107: 20260508 | K107: 149130016 | L107: SERVICIOS_SIP | M107: NEO1 | N107: 0 | O107: 0 | P107: CAMPAÑA | Q107: 150 | R107: 8861 - Caceres, Martina | S107: 26 | T107: ANSWER | U107: AGENT | V107: 46150.615 | W107: 46150.615 | X107: 46150.621 | Y107: 01152741410 | Z107: 1147783149 | AA107: ENTRANTE | AB107: FULL | AC107: 1147783149-149130016-20260508144535.mp3 | AE107: LOC-FIJO | AF107: LOCAL-FIJO | AG107: LOCAL-FIJO | AH107: 0 | AI107: 0 | AJ107: 0 | AK107: 0 | AL107: BL | AM107: 3 | AN107: 538 | AO107: NotSet | AP107: 37 | AQ107: 1 | AR107: 2491947 | AT107: |0||SIP/SERVICIOS_SIP-0003860b|1778262378.230934|16:Normal Clearing|16:PBX|15|SIP/GQ106-00038615|-1|NotSet|
A108: =+CONCATENATE(DAY(V108),"/",MONTH(V108),"/",YEAR(V108),"")*1 -> 46150 | B108: =+Z108*1 -> 1150992454 | C108: =+AA108 -> ENTRANTE | D108: =VLOOKUP(Q108,Code!E:F,2,0) -> Admisiones | E108: Conectadas | F108: =+AP108 -> 37 | G108: =+S108 -> 26 | H108: =+HOUR(V108) -> 14 | I108: =IFERROR(VLOOKUP(B108,MATRICULAS!A:B,2,0),0)*1 -> 0 | J108: 20260508 | K108: 149128910 | L108: SERVICIOS_SIP | M108: NEO1 | N108: 0 | O108: 0 | P108: CAMPAÑA | Q108: 150 | R108: 8160 - QUEVEDO, JOAHANA | S108: 26 | T108: ANSWER | U108: AGENT | V108: 46150.584 | W108: 46150.584 | X108: 46150.585 | Y108: 01152741410 | Z108: 1150992454 | AA108: ENTRANTE | AB108: FULL | AC108: 1150992454-149128910-20260508140056.mp3 | AE108: NAC-CEL | AF108: NACIONAL | AG108: PAIS-CELULAR | AH108: 0 | AI108: 0 | AJ108: 0 | AK108: 0 | AL108: BL | AM108: 3 | AN108: 64 | AO108: NotSet | AP108: 37 | AQ108: 1 | AR108: 2483621 | AS108: Apr 30 2026 6:56PM | AT108: |0||SIP/SERVICIOS_SIP-00037d8d|1778259699.228760|16:Normal Clearing|17:Network|6||-1|NotSet|
A109: =+CONCATENATE(DAY(V109),"/",MONTH(V109),"/",YEAR(V109),"")*1 -> 46150 | B109: =+Z109*1 -> 1163095554 | C109: =+AA109 -> ENTRANTE | D109: =VLOOKUP(Q109,Code!E:F,2,0) -> Admisiones | E109: Conectadas | F109: =+AP109 -> 37 | G109: =+S109 -> 26 | H109: =+HOUR(V109) -> 13 | I109: =IFERROR(VLOOKUP(B109,MATRICULAS!A:B,2,0),0)*1 -> 0 | J109: 20260508 | K109: 149128687 | L109: SERVICIOS_SIP | M109: NEO1 | N109: 0 | O109: 0 | P109: CAMPAÑA | Q109: 150 | R109: 8927 - Lizarrondo, Candela | S109: 26 | T109: ANSWER | U109: AGENT | V109: 46150.578 | W109: 46150.578 | X109: 46150.579 | Y109: 01152741410 | Z109: 1163095554 | AA109: ENTRANTE | AB109: FULL | AC109: 1163095554-149128687-20260508135235.mp3 | AE109: NAC-CEL | AF109: NACIONAL | AG109: PAIS-CELULAR | AH109: 0 | AI109: 0 | AJ109: 0 | AK109: 0 | AL109: BL | AM109: 3 | AN109: 53 | AO109: NotSet | AP109: 37 | AQ109: 0 | AR109: 0 | AT109: |0||SIP/SERVICIOS_SIP-00037bdf|1778259199.228330|16:Normal Clearing|16:PBX|8||-1|NotSet|
A110: =+CONCATENATE(DAY(V110),"/",MONTH(V110),"/",YEAR(V110),"")*1 -> 46150 | B110: =+Z110*1 -> 2984508106 | C110: =+AA110 -> ENTRANTE | D110: =VLOOKUP(Q110,Code!E:F,2,0) -> Admisiones | E110: Conectadas | F110: =+AP110 -> 37 | G110: =+S110 -> 26 | H110: =+HOUR(V110) -> 13 | I110: =IFERROR(VLOOKUP(B110,MATRICULAS!A:B,2,0),0)*1 -> 1 | J110: 20260508 | K110: 149128679 | L110: SERVICIOS_SIP | M110: NEO1 | N110: 0 | O110: 0 | P110: CAMPAÑA | Q110: 150 | R110: 8160 - QUEVEDO, JOAHANA | S110: 26 | T110: ANSWER | U110: AGENT | V110: 46150.578 | W110: 46150.578 | X110: 46150.584 | Y110: 01152741410 | Z110: 2984508106 | AA110: ENTRANTE | AB110: FULL | AC110: 2984508106-149128679-20260508135211.mp3 | AE110: NAC-CEL | AF110: NACIONAL | AG110: PAIS-CELULAR | AH110: 0 | AI110: 0 | AJ110: 0 | AK110: 0 | AL110: BL | AM110: 3 | AN110: 507 | AO110: NotSet | AP110: 37 | AQ110: 1 | AR110: 2491867 | AT110: |0||SIP/SERVICIOS_SIP-00037bca|1778259174.228309|16:Normal Clearing|17:Network|15||-1|NotSet|
A111: =+CONCATENATE(DAY(V111),"/",MONTH(V111),"/",YEAR(V111),"")*1 -> 46150 | B111: =+Z111*1 -> 2241416864 | C111: =+AA111 -> ENTRANTE | D111: =VLOOKUP(Q111,Code!E:F,2,0) -> Admisiones | E111: Conectadas | F111: =+AP111 -> 37 | G111: =+S111 -> 26 | H111: =+HOUR(V111) -> 13 | I111: =IFERROR(VLOOKUP(B111,MATRICULAS!A:B,2,0),0)*1 -> 1 | J111: 20260508 | K111: 149128330 | L111: SERVICIOS_SIP | M111: NEO1 | N111: 0 | O111: 0 | P111: CAMPAÑA | Q111: 150 | R111: 8861 - Caceres, Martina | S111: 26 | T111: ANSWER | U111: AGENT | V111: 46150.568 | W111: 46150.568 | X111: 46150.573 | Y111: 01152741410 | Z111: 2241416864 | AA111: ENTRANTE | AB111: FULL | AC111: 2241416864-149128330-20260508133730.mp3 | AE111: NAC-CEL | AF111: NACIONAL | AG111: PAIS-CELULAR | AH111: 0 | AI111: 0 | AJ111: 0 | AK111: 0 | AL111: BL | AM111: 3 | AN111: 453 | AO111: NotSet | AP111: 37 | AQ111: 201 | AR111: 2491524 | AT111: |0||SIP/SERVICIOS_SIP-0003791c|1778258294.227623|16:Normal Clearing|17:Network|14||-1|NotSet|
A112: =+CONCATENATE(DAY(V112),"/",MONTH(V112),"/",YEAR(V112),"")*1 -> 46150 | B112: =+Z112*1 -> 3884727881 | C112: =+AA112 -> ENTRANTE | D112: =VLOOKUP(Q112,Code!E:F,2,0) -> Admisiones | E112: Conectadas | F112: =+AP112 -> 37 | G112: =+S112 -> 26 | H112: =+HOUR(V112) -> 13 | I112: =IFERROR(VLOOKUP(B112,MATRICULAS!A:B,2,0),0)*1 -> 0 | J112: 20260508 | K112: 149127416 | L112: SERVICIOS_SIP | M112: NEO1 | N112: 0 | O112: 0 | P112: CAMPAÑA | Q112: 150 | R112: 8861 - Caceres, Martina | S112: 26 | T112: ANSWER | U112: AGENT | V112: 46150.548 | W112: 46150.548 | X112: 46150.564 | Y112: 01152741410 | Z112: 3884727881 | AA112: ENTRANTE | AB112: FULL | AC112: 3884727881-149127416-20260508130921.mp3 | AE112: NAC-CEL | AF112: NACIONAL | AG112: PAIS-CELULAR | AH112: 0 | AI112: 0 | AJ112: 0 | AK112: 0 | AL112: BL | AM112: 3 | AN112: 1332 | AO112: NotSet | AP112: 37 | AQ112: 196 | AR112: 2405107 | AT112: |0||SIP/SERVICIOS_SIP-00037280|1778256605.225931|16:Normal Clearing|16:PBX|20|SIP/GQ106-00037291|-1|NotSet|
A113: =+CONCATENATE(DAY(V113),"/",MONTH(V113),"/",YEAR(V113),"")*1 -> 46150 | B113: =+Z113*1 -> 1130037028 | C113: =+AA113 -> ENTRANTE | D113: =VLOOKUP(Q113,Code!E:F,2,0) -> Admisiones | E113: Conectadas | F113: =+AP113 -> 37 | G113: =+S113 -> 26 | H113: =+HOUR(V113) -> 12 | I113: =IFERROR(VLOOKUP(B113,MATRICULAS!A:B,2,0),0)*1 -> 0 | J113: 20260508 | K113: 149125470 | L113: SERVICIOS_SIP | M113: NEO1 | N113: 0 | O113: 0 | P113: CAMPAÑA | Q113: 150 | R113: 8787 - Lescano, Eugenia | S113: 26 | T113: ANSWER | U113: AGENT | V113: 46150.511 | W113: 46150.511 | X113: 46150.514 | Y113: 01152741410 | Z113: 1130037028 | AA113: ENTRANTE | AB113: FULL | AC113: 1130037028-149125470-20260508121627.mp3 | AE113: NAC-CEL | AF113: NACIONAL | AG113: PAIS-CELULAR | AH113: 0 | AI113: 0 | AJ113: 0 | AK113: 0 | AL113: BL | AM113: 3 | AN113: 234 | AO113: NotSet | AP113: 37 | AQ113: 202 | AR113: 2491321 | AT113: |0||SIP/SERVICIOS_SIP-000364e2|1778253430.222443|16:Normal Clearing|17:Network|3||-1|NotSet|
A114: =+CONCATENATE(DAY(V114),"/",MONTH(V114),"/",YEAR(V114),"")*1 -> 46150 | B114: =+Z114*1 -> 1165827952 | C114: =+AA114 -> ENTRANTE | D114: =VLOOKUP(Q114,Code!E:F,2,0) -> Admisiones | E114: Conectadas | F114: =+AP114 -> 37 | G114: =+S114 -> 26 | H114: =+HOUR(V114) -> 12 | I114: =IFERROR(VLOOKUP(B114,MATRICULAS!A:B,2,0),0)*1 -> 0 | J114: 20260508 | K114: 149125229 | L114: SERVICIOS_SIP | M114: NEO1 | N114: 0 | O114: 0 | P114: CAMPAÑA | Q114: 150 | R114: 8160 - QUEVEDO, JOAHANA | S114: 26 | T114: ANSWER | U114: AGENT | V114: 46150.507 | W114: 46150.507 | X114: 46150.513 | Y114: 01152741410 | Z114: 1165827952 | AA114: ENTRANTE | AB114: FULL | AC114: 1165827952-149125229-20260508120954.mp3 | AE114: NAC-CEL | AF114: NACIONAL | AG114: PAIS-CELULAR | AH114: 0 | AI114: 0 | AJ114: 0 | AK114: 0 | AL114: BL | AM114: 3 | AN114: 550 | AO114: NotSet | AP114: 37 | AQ114: 1 | AR114: 2491787 | AT114: |0||SIP/SERVICIOS_SIP-00036339|1778253037.222018|16:Normal Clearing|17:Network|26||-1|NotSet|
A115: =+CONCATENATE(DAY(V115),"/",MONTH(V115),"/",YEAR(V115),"")*1 -> 46150 | B115: =+Z115*1 -> 2214348792 | C115: =+AA115 -> ENTRANTE | D115: =VLOOKUP(Q115,Code!E:F,2,0) -> Admisiones | E115: Conectadas | F115: =+AP115 -> 37 | G115: =+S115 -> 26 | H115: =+HOUR(V115) -> 12 | I115: =IFERROR(VLOOKUP(B115,MATRICULAS!A:B,2,0),0)*1 -> 0 | J115: 20260508 | K115: 149125051 | L115: SERVICIOS_SIP | M115: NEO1 | N115: 0 | O115: 0 | P115: CAMPAÑA | Q115: 150 | R115: 8160 - QUEVEDO, JOAHANA | S115: 26 | T115: ANSWER | U115: AGENT | V115: 46150.504 | W115: 46150.504 | X115: 46150.505 | Y115: 01152741410 | Z115: 2214348792 | AA115: ENTRANTE | AB115: FULL | AC115: 2214348792-149125051-20260508120610.mp3 | AE115: NAC-CEL | AF115: NACIONAL | AG115: PAIS-CELULAR | AH115: 0 | AI115: 0 | AJ115: 0 | AK115: 0 | AL115: BL | AM115: 3 | AN115: 79 | AO115: NotSet | AP115: 37 | AQ115: 201 | AR115: 2490986 | AT115: |0||SIP/SERVICIOS_SIP-00036203|1778252813.221708|16:Normal Clearing|16:PBX|19|SIP/GQ135-0003621d|-1|NotSet|
A116: =+CONCATENATE(DAY(V116),"/",MONTH(V116),"/",YEAR(V116),"")*1 -> 46150 | B116: =+Z116*1 -> 1161681790 | C116: =+AA116 -> ENTRANTE | D116: =VLOOKUP(Q116,Code!E:F,2,0) -> Admisiones | E116: Conectadas | F116: =+AP116 -> 37 | G116: =+S116 -> 26 | H116: =+HOUR(V116) -> 11 | I116: =IFERROR(VLOOKUP(B116,MATRICULAS!A:B,2,0),0)*1 -> 0 | J116: 20260508 | K116: 149124713 | L116: SERVICIOS_SIP | M116: NEO1 | N116: 0 | O116: 0 | P116: CAMPAÑA | Q116: 150 | R116: 8861 - Caceres, Martina | S116: 26 | T116: ANSWER | U116: AGENT | V116: 46150.5 | W116: 46150.5 | X116: 46150.506 | Y116: 01152741410 | Z116: 1161681790 | AA116: ENTRANTE | AB116: FULL | AC116: 1161681790-149124713-20260508115937.mp3 | AE116: NAC-CEL | AF116: NACIONAL | AG116: PAIS-CELULAR | AH116: 0 | AI116: 0 | AJ116: 0 | AK116: 0 | AL116: BL | AM116: 3 | AN116: 515 | AO116: NotSet | AP116: 37 | AQ116: 191 | AR116: 2324730 | AT116: |0||SIP/SERVICIOS_SIP-00035fd0|1778252420.221145|16:Normal Clearing|17:Network|0||-1|NotSet|
A117: =+CONCATENATE(DAY(V117),"/",MONTH(V117),"/",YEAR(V117),"")*1 -> 46150 | B117: =+Z117*1 -> 1169394280 | C117: =+AA117 -> ENTRANTE | D117: =VLOOKUP(Q117,Code!E:F,2,0) -> Admisiones | E117: Conectadas | F117: =+AP117 -> 37 | G117: =+S117 -> 5 | H117: =+HOUR(V117) -> 10 | I117: =IFERROR(VLOOKUP(B117,MATRICULAS!A:B,2,0),0)*1 -> 0 | J117: 20260508 | K117: 149122342 | L117: SERVICIOS_SIP | M117: NEO1 | N117: 0 | O117: 0 | P117: CAMPAÑA | Q117: 150 | R117: 8861 - Caceres, Martina | S117: 5 | T117: ANSWER | U117: AGENT | V117: 46150.456 | W117: 46150.456 | X117: 46150.458 | Y117: 01152741410 | Z117: 1169394280 | AA117: ENTRANTE | AB117: FULL | AC117: 1169394280-149122342-20260508105700.mp3 | AE117: NAC-CEL | AF117: NACIONAL | AG117: PAIS-CELULAR | AH117: 0 | AI117: 0 | AJ117: 0 | AK117: 0 | AL117: BL | AM117: 3 | AN117: 139 | AO117: NotSet | AP117: 37 | AQ117: 175 | AR117: 2465034 | AT117: |0||SIP/SERVICIOS_SIP-0003501b|1778248664.217120|16:Normal Clearing|16:PBX|22||-1|NotSet|
A118: =+CONCATENATE(DAY(V118),"/",MONTH(V118),"/",YEAR(V118),"")*1 -> 46150 | B118: =+Z118*1 -> 1130795152 | C118: =+AA118 -> ENTRANTE | D118: =VLOOKUP(Q118,Code!E:F,2,0) -> Admisiones | E118: Conectadas | F118: =+AP118 -> 37 | G118: =+S118 -> 26 | H118: =+HOUR(V118) -> 10 | I118: =IFERROR(VLOOKUP(B118,MATRICULAS!A:B,2,0),0)*1 -> 0 | J118: 20260508 | K118: 149121619 | L118: SERVICIOS_SIP | M118: NEO1 | N118: 0 | O118: 0 | P118: CAMPAÑA | Q118: 150 | R118: 8861 - Caceres, Martina | S118: 26 | T118: ANSWER | U118: AGENT | V118: 46150.449 | W118: 46150.449 | X118: 46150.449 | Y118: 01152741410 | Z118: 1130795152 | AA118: ENTRANTE | AB118: FULL | AC118: 1130795152-149121619-20260508104605.mp3 | AE118: NAC-CEL | AF118: NACIONAL | AG118: PAIS-CELULAR | AH118: 0 | AI118: 0 | AJ118: 0 | AK118: 0 | AL118: BL | AM118: 3 | AN118: 29 | AO118: NotSet | AP118: 37 | AQ118: 1 | AR118: 2463927 | AS118: Apr 13 2026 2:36PM | AT118: |0||SIP/SERVICIOS_SIP-00034bd8|1778248008.216028|16:Normal Clearing|17:Network|18||-1|NotSet|
A119: =+CONCATENATE(DAY(V119),"/",MONTH(V119),"/",YEAR(V119),"")*1 -> 46150 | B119: =+Z119*1 -> 1159796411 | C119: =+AA119 -> ENTRANTE | D119: =VLOOKUP(Q119,Code!E:F,2,0) -> Admisiones | E119: Conectadas | F119: =+AP119 -> 37 | G119: =+S119 -> 26 | H119: =+HOUR(V119) -> 10 | I119: =IFERROR(VLOOKUP(B119,MATRICULAS!A:B,2,0),0)*1 -> 0 | J119: 20260508 | K119: 149120491 | L119: SERVICIOS_SIP | M119: NEO1 | N119: 0 | O119: 0 | P119: CAMPAÑA | Q119: 150 | R119: 8787 - Lescano, Eugenia | S119: 26 | T119: ANSWER | U119: AGENT | V119: 46150.432 | W119: 46150.432 | X119: 46150.44 | Y119: 01152741410 | Z119: 1159796411 | AA119: ENTRANTE | AB119: FULL | AC119: 1159796411-149120491-20260508102149.mp3 | AE119: NAC-CEL | AF119: NACIONAL | AG119: PAIS-CELULAR | AH119: 0 | AI119: 0 | AJ119: 0 | AK119: 0 | AL119: BL | AM119: 3 | AN119: 745 | AO119: NotSet | AP119: 37 | AQ119: 164 | AR119: 2491671 | AT119: |0||SIP/SERVICIOS_SIP-00034468|1778246552.214124|16:Normal Clearing|17:Network|3||-1|NotSet|
A120: =+CONCATENATE(DAY(V120),"/",MONTH(V120),"/",YEAR(V120),"")*1 -> 46150 | B120: =+Z120*1 -> 3498450528 | C120: =+AA120 -> ENTRANTE | D120: =VLOOKUP(Q120,Code!E:F,2,0) -> Admisiones | E120: Conectadas | F120: =+AP120 -> 37 | G120: =+S120 -> 26 | H120: =+HOUR(V120) -> 9 | I120: =IFERROR(VLOOKUP(B120,MATRICULAS!A:B,2,0),0)*1 -> 0 | J120: 20260508 | K120: 149119041 | L120: SERVICIOS_SIP | M120: NEO1 | N120: 0 | O120: 0 | P120: CAMPAÑA | Q120: 150 | R120: 8927 - Lizarrondo, Candela | S120: 26 | T120: ANSWER | U120: AGENT | V120: 46150.399 | W120: 46150.399 | X120: 46150.408 | Y120: 01152741410 | Z120: 3498450528 | AA120: ENTRANTE | AB120: FULL | AC120: 3498450528-149119041-20260508093512.mp3 | AE120: NAC-CEL | AF120: NACIONAL | AG120: PAIS-CELULAR | AH120: 0 | AI120: 0 | AJ120: 0 | AK120: 0 | AL120: BL | AM120: 3 | AN120: 699 | AO120: NotSet | AP120: 37 | AQ120: 201 | AR120: 2491438 | AT120: |0||SIP/SERVICIOS_SIP-0002ec2b|1778243755.191535|16:Normal Clearing|17:Network|1||-1|NotSet|
A121: =+CONCATENATE(DAY(V121),"/",MONTH(V121),"/",YEAR(V121),"")*1 -> 46153 | B121: =+Z121*1 -> 2342533722 | C121: =+AA121 -> ENTRANTE | D121: =VLOOKUP(Q121,Code!E:F,2,0) -> Admisiones | E121: Conectadas | F121: =+AP121 -> 37 | G121: =+S121 -> 27 | H121: =+HOUR(V121) -> 20 | I121: =IFERROR(VLOOKUP(B121,MATRICULAS!A:B,2,0),0)*1 -> 0 | J121: 20260511 | K121: 149163677 | L121: SERVICIOS_SIP | M121: NEO1 | N121: 0 | O121: 0 | P121: CAMPAÑA | Q121: 150 | R121: 8814 - Nievas, Jimena | S121: 27 | T121: ANSWER | U121: AGENT | V121: 46153.857 | W121: 46153.857 | X121: 46153.864 | Y121: 01152741410 | Z121: 2342533722 | AA121: ENTRANTE | AB121: FULL | AC121: 2342533722-149163677-20260511203426.mp3 | AE121: NAC-CEL | AF121: NACIONAL | AG121: PAIS-CELULAR | AH121: 0 | AI121: 0 | AJ121: 0 | AK121: 0 | AL121: BL | AM121: 3 | AN121: 548 | AO121: NotSet | AP121: 37 | AQ121: 191 | AR121: 2339079 | AT121: |0||SIP/SERVICIOS_SIP-00032e12|1778542516.208425|16:Normal Clearing|17:Network|19||-1|NotSet|
A122: =+CONCATENATE(DAY(V122),"/",MONTH(V122),"/",YEAR(V122),"")*1 -> 46153 | B122: =+Z122*1 -> 3446368330 | C122: =+AA122 -> ENTRANTE | D122: =VLOOKUP(Q122,Code!E:F,2,0) -> Admisiones | E122: Conectadas | F122: =+AP122 -> 37 | G122: =+S122 -> 27 | H122: =+HOUR(V122) -> 20 | I122: =IFERROR(VLOOKUP(B122,MATRICULAS!A:B,2,0),0)*1 -> 0 | J122: 20260511 | K122: 149163017 | L122: SERVICIOS_SIP | M122: NEO1 | N122: 0 | O122: 0 | P122: CAMPAÑA | Q122: 150 | R122: 8957 - Bustos, Juan Ignacio | S122: 27 | T122: ANSWER | U122: AGENT | V122: 46153.835 | W122: 46153.835 | X122: 46153.845 | Y122: 01152741410 | Z122: 3446368330 | AA122: ENTRANTE | AB122: FULL | AC122: 3446368330-149163017-20260511200144.mp3 | AE122: NAC-FIJO | AF122: ENTRE RIOS | AG122: GUALEGUAYCHU | AH122: 0 | AI122: 0 | AJ122: 0 | AK122: 0 | AL122: BL | AM122: 3 | AN122: 938 | AO122: NotSet | AP122: 37 | AQ122: 201 | AR122: 2494367 | AT122: |0||SIP/SERVICIOS_SIP-000327e4|1778540554.206843|16:Normal Clearing|16:PBX|18|SIP/GQ114-000327f2|-1|NotSet|
A123: =+CONCATENATE(DAY(V123),"/",MONTH(V123),"/",YEAR(V123),"")*1 -> 46153 | B123: =+Z123*1 -> 2804430381 | C123: =+AA123 -> ENTRANTE | D123: =VLOOKUP(Q123,Code!E:F,2,0) -> Admisiones | E123: Conectadas | F123: =+AP123 -> 37 | G123: =+S123 -> 27 | H123: =+HOUR(V123) -> 20 | I123: =IFERROR(VLOOKUP(B123,MATRICULAS!A:B,2,0),0)*1 -> 0 | J123: 20260511 | K123: 149163002 | L123: SERVICIOS_SIP | M123: NEO1 | N123: 0 | O123: 0 | P123: CAMPAÑA | Q123: 150 | R123: 8814 - Nievas, Jimena | S123: 27 | T123: ANSWER | U123: AGENT | V123: 46153.834 | W123: 46153.834 | X123: 46153.839 | Y123: 01152741410 | Z123: 2804430381 | AA123: ENTRANTE | AB123: FULL | AC123: 2804430381-149163002-20260511200104.mp3 | AE123: NAC-FIJO | AF123: CHUBUT | AG123: TRELEW | AH123: 0 | AI123: 0 | AJ123: 0 | AK123: 0 | AL123: BL | AM123: 3 | AN123: 423 | AO123: NotSet | AP123: 37 | AQ123: 1 | AR123: 2494375 | AT123: |0||SIP/SERVICIOS_SIP-000327c3|1778540515.206810|16:Normal Clearing|17:Network|0||-1|NotSet|
A124: =+CONCATENATE(DAY(V124),"/",MONTH(V124),"/",YEAR(V124),"")*1 -> 46153 | B124: =+Z124*1 -> 1157232277 | C124: =+AA124 -> ENTRANTE | D124: =VLOOKUP(Q124,Code!E:F,2,0) -> Admisiones | E124: Conectadas | F124: =+AP124 -> 37 | G124: =+S124 -> 27 | H124: =+HOUR(V124) -> 19 | I124: =IFERROR(VLOOKUP(B124,MATRICULAS!A:B,2,0),0)*1 -> 0 | J124: 20260511 | K124: 149162116 | L124: SERVICIOS_SIP | M124: NEO1 | N124: 0 | O124: 0 | P124: CAMPAÑA | Q124: 150 | R124: 8814 - Nievas, Jimena | S124: 27 | T124: ANSWER | U124: AGENT | V124: 46153.807 | W124: 46153.807 | X124: 46153.812 | Y124: 01152741410 | Z124: 1157232277 | AA124: ENTRANTE | AB124: FULL | AC124: 1157232277-149162116-20260511192237.mp3 | AE124: NAC-CEL | AF124: NACIONAL | AG124: PAIS-CELULAR | AH124: 0 | AI124: 0 | AJ124: 0 | AK124: 0 | AL124: BL | AM124: 3 | AN124: 360 | AO124: NotSet | AP124: 37 | AQ124: 202 | AR124: 2493152 | AT124: |0||SIP/SERVICIOS_SIP-00031fa2|1778538207.204729|16:Normal Clearing|17:Network|8||-1|NotSet|
A125: =+CONCATENATE(DAY(V125),"/",MONTH(V125),"/",YEAR(V125),"")*1 -> 46153 | B125: =+Z125*1 -> 1150228051 | C125: =+AA125 -> ENTRANTE | D125: =VLOOKUP(Q125,Code!E:F,2,0) -> Admisiones | E125: Conectadas | F125: =+AP125 -> 37 | G125: =+S125 -> 27 | H125: =+HOUR(V125) -> 16 | I125: =IFERROR(VLOOKUP(B125,MATRICULAS!A:B,2,0),0)*1 -> 0 | J125: 20260511 | K125: 149158479 | L125: SERVICIOS_SIP | M125: NEO1 | N125: 0 | O125: 0 | P125: CAMPAÑA | Q125: 150 | R125: 8814 - Nievas, Jimena | S125: 27 | T125: ANSWER | U125: AGENT | V125: 46153.69 | W125: 46153.69 | X125: 46153.698 | Y125: 01152741410 | Z125: 1150228051 | AA125: ENTRANTE | AB125: FULL | AC125: 1150228051-149158479-20260511163345.mp3 | AE125: NAC-CEL | AF125: NACIONAL | AG125: PAIS-CELULAR | AH125: 0 | AI125: 0 | AJ125: 0 | AK125: 0 | AL125: BL | AM125: 3 | AN125: 704 | AO125: NotSet | AP125: 37 | AQ125: 201 | AR125: 2492782 | AT125: |0||SIP/SERVICIOS_SIP-00030060|1778528075.196724|16:Normal Clearing|17:Network|17||-1|NotSet|
A126: =+CONCATENATE(DAY(V126),"/",MONTH(V126),"/",YEAR(V126),"")*1 -> 46153 | B126: =+Z126*1 -> 1126860690 | C126: =+AA126 -> ENTRANTE | D126: =VLOOKUP(Q126,Code!E:F,2,0) -> Admisiones | E126: Conectadas | F126: =+AP126 -> 37 | G126: =+S126 -> 27 | H126: =+HOUR(V126) -> 16 | I126: =IFERROR(VLOOKUP(B126,MATRICULAS!A:B,2,0),0)*1 -> 1 | J126: 20260511 | K126: 149158296 | L126: SERVICIOS_SIP | M126: NEO1 | N126: 0 | O126: 0 | P126: CAMPAÑA | Q126: 150 | R126: 8872 - Pasetti, Gisela Lorena | S126: 27 | T126: ANSWER | U126: AGENT | V126: 46153.685 | W126: 46153.685 | X126: 46153.698 | Y126: 01152741410 | Z126: 1126860690 | AA126: ENTRANTE | AB126: FULL | AC126: 1126860690-149158296-20260511162631.mp3 | AE126: LOC-FIJO | AF126: LOCAL-FIJO | AG126: LOCAL-FIJO | AH126: 0 | AI126: 0 | AJ126: 0 | AK126: 0 | AL126: BL | AM126: 3 | AN126: 1141 | AO126: NotSet | AP126: 37 | AQ126: 183 | AR126: 2375049 | AT126: |0||SIP/SERVICIOS_SIP-0002fed4|1778527641.196327|16:Normal Clearing|17:Network|4||-1|NotSet|
A127: =+CONCATENATE(DAY(V127),"/",MONTH(V127),"/",YEAR(V127),"")*1 -> 46153 | B127: =+Z127*1 -> 2954451000 | C127: =+AA127 -> ENTRANTE | D127: =VLOOKUP(Q127,Code!E:F,2,0) -> Admisiones | E127: Conectadas | F127: =+AP127 -> 37 | G127: =+S127 -> 27 | H127: =+HOUR(V127) -> 16 | I127: =IFERROR(VLOOKUP(B127,MATRICULAS!A:B,2,0),0)*1 -> 0 | J127: 20260511 | K127: 149158274 | L127: SERVICIOS_SIP | M127: NEO1 | N127: 0 | O127: 0 | P127: CAMPAÑA | Q127: 150 | R127: 8814 - Nievas, Jimena | S127: 27 | T127: ANSWER | U127: AGENT | V127: 46153.685 | W127: 46153.685 | X127: 46153.685 | Y127: 01152741410 | Z127: 2954451000 | AA127: ENTRANTE | AB127: FULL | AC127: 2954451000-149158274-20260511162545.mp3 | AE127: NAC-FIJO | AF127: LA PAMPA | AG127: SANTA ROSA (PROV. LA PAMPA) | AH127: 0 | AI127: 0 | AJ127: 0 | AK127: 0 | AL127: BL | AM127: 3 | AN127: 41 | AO127: NotSet | AP127: 37 | AQ127: 73 | AR127: 1087838 | AS127: Jul 27 2023 12:30PM | AT127: |0||SIP/SERVICIOS_SIP-0002fe9e|1778527595.196273|16:Normal Clearing|17:Network|9||-1|NotSet|
A128: =+CONCATENATE(DAY(V128),"/",MONTH(V128),"/",YEAR(V128),"")*1 -> 46153 | B128: =+Z128*1 -> 1136114285 | C128: =+AA128 -> ENTRANTE | D128: =VLOOKUP(Q128,Code!E:F,2,0) -> Admisiones | E128: Conectadas | F128: =+AP128 -> 37 | G128: =+S128 -> 27 | H128: =+HOUR(V128) -> 16 | I128: =IFERROR(VLOOKUP(B128,MATRICULAS!A:B,2,0),0)*1 -> 0 | J128: 20260511 | K128: 149157966 | L128: SERVICIOS_SIP | M128: NEO1 | N128: 0 | O128: 0 | P128: CAMPAÑA | Q128: 150 | R128: 8814 - Nievas, Jimena | S128: 27 | T128: ANSWER | U128: AGENT | V128: 46153.675 | W128: 46153.675 | X128: 46153.677 | Y128: 01152741410 | Z128: 1136114285 | AA128: ENTRANTE | AB128: FULL | AC128: 1136114285-149157966-20260511161243.mp3 | AE128: NAC-CEL | AF128: NACIONAL | AG128: PAIS-CELULAR | AH128: 0 | AI128: 0 | AJ128: 0 | AK128: 0 | AL128: BL | AM128: 3 | AN128: 93 | AO128: NotSet | AP128: 37 | AQ128: 1 | AR128: 2494175 | AT128: |0||SIP/SERVICIOS_SIP-0002fbf9|1778526813.195596|16:Normal Clearing|17:Network|10||-1|NotSet|
A129: =+CONCATENATE(DAY(V129),"/",MONTH(V129),"/",YEAR(V129),"")*1 -> 46153 | B129: =+Z129*1 -> 1161299601 | C129: =+AA129 -> ENTRANTE | D129: =VLOOKUP(Q129,Code!E:F,2,0) -> Admisiones | E129: Conectadas | F129: =+AP129 -> 37 | G129: =+S129 -> 27 | H129: =+HOUR(V129) -> 15 | I129: =IFERROR(VLOOKUP(B129,MATRICULAS!A:B,2,0),0)*1 -> 0 | J129: 20260511 | K129: 149157376 | L129: SERVICIOS_SIP | M129: NEO1 | N129: 0 | O129: 0 | P129: CAMPAÑA | Q129: 150 | R129: 8814 - Nievas, Jimena | S129: 27 | T129: ANSWER | U129: AGENT | V129: 46153.66 | W129: 46153.66 | X129: 46153.662 | Y129: 01152741410 | Z129: 1161299601 | AA129: ENTRANTE | AB129: FULL | AC129: 1161299601-149157376-20260511155040.mp3 | AE129: NAC-CEL | AF129: NACIONAL | AG129: PAIS-CELULAR | AH129: 0 | AI129: 0 | AJ129: 0 | AK129: 0 | AL129: BL | AM129: 3 | AN129: 155 | AO129: NotSet | AP129: 37 | AQ129: 1 | AR129: 2494155 | AT129: |0||SIP/SERVICIOS_SIP-0002f74e|1778525490.194399|16:Normal Clearing|17:Network|0||-1|NotSet|
A130: =+CONCATENATE(DAY(V130),"/",MONTH(V130),"/",YEAR(V130),"")*1 -> 46153 | B130: =+Z130*1 -> 1165644019 | C130: =+AA130 -> ENTRANTE | D130: =VLOOKUP(Q130,Code!E:F,2,0) -> Admisiones | E130: Conectadas | F130: =+AP130 -> 37 | G130: =+S130 -> 27 | H130: =+HOUR(V130) -> 15 | I130: =IFERROR(VLOOKUP(B130,MATRICULAS!A:B,2,0),0)*1 -> 0 | J130: 20260511 | K130: 149156995 | L130: SERVICIOS_SIP | M130: NEO1 | N130: 0 | O130: 0 | P130: CAMPAÑA | Q130: 150 | R130: 8957 - Bustos, Juan Ignacio | S130: 27 | T130: ANSWER | U130: AGENT | V130: 46153.65 | W130: 46153.65 | X130: 46153.66 | Y130: 01152741410 | Z130: 1165644019 | AA130: ENTRANTE | AB130: FULL | AC130: 1165644019-149156995-20260511153604.mp3 | AE130: NAC-CEL | AF130: NACIONAL | AG130: PAIS-CELULAR | AH130: 0 | AI130: 0 | AJ130: 0 | AK130: 0 | AL130: BL | AM130: 3 | AN130: 876 | AO130: NotSet | AP130: 37 | AQ130: 0 | AR130: 0 | AT130: |0||SIP/SERVICIOS_SIP-0002f41d|1778524614.193582|16:Normal Clearing|16:PBX|17|SIP/GQ114-0002f428|-1|NotSet|
A131: =+CONCATENATE(DAY(V131),"/",MONTH(V131),"/",YEAR(V131),"")*1 -> 46153 | B131: =+Z131*1 -> 1163587662 | C131: =+AA131 -> ENTRANTE | D131: =VLOOKUP(Q131,Code!E:F,2,0) -> Admisiones | E131: Conectadas | F131: =+AP131 -> 37 | G131: =+S131 -> 26 | H131: =+HOUR(V131) -> 14 | I131: =IFERROR(VLOOKUP(B131,MATRICULAS!A:B,2,0),0)*1 -> 0 | J131: 20260511 | K131: 149154606 | L131: SERVICIOS_SIP | M131: NEO1 | N131: 0 | O131: 0 | P131: CAMPAÑA | Q131: 150 | R131: 8927 - Lizarrondo, Candela | S131: 26 | T131: ANSWER | U131: AGENT | V131: 46153.591 | W131: 46153.591 | X131: 46153.596 | Y131: 01152741410 | Z131: 1163587662 | AA131: ENTRANTE | AB131: FULL | AC131: 1163587662-149154606-20260511141139.mp3 | AE131: NAC-CEL | AF131: NACIONAL | AG131: PAIS-CELULAR | AH131: 0 | AI131: 0 | AJ131: 0 | AK131: 0 | AL131: BL | AM131: 3 | AN131: 409 | AO131: NotSet | AP131: 37 | AQ131: 202 | AR131: 2494066 | AT131: |0||SIP/SERVICIOS_SIP-0002e203|1778519549.188944|16:Normal Clearing|16:PBX|25|SIP/GQ108-0002e225|-1|NotSet|
A132: =+CONCATENATE(DAY(V132),"/",MONTH(V132),"/",YEAR(V132),"")*1 -> 46153 | B132: =+Z132*1 -> 1164840372 | C132: =+AA132 -> ENTRANTE | D132: =VLOOKUP(Q132,Code!E:F,2,0) -> Admisiones | E132: Conectadas | F132: =+AP132 -> 37 | G132: =+S132 -> 26 | H132: =+HOUR(V132) -> 14 | I132: =IFERROR(VLOOKUP(B132,MATRICULAS!A:B,2,0),0)*1 -> 0 | J132: 20260511 | K132: 149154302 | L132: SERVICIOS_SIP | M132: NEO1 | N132: 0 | O132: 0 | P132: CAMPAÑA | Q132: 150 | R132: 8940 - Rodriguez, Maria Belén | S132: 26 | T132: ANSWER | U132: AGENT | V132: 46153.587 | W132: 46153.587 | X132: 46153.594 | Y132: 01152741410 | Z132: 1164840372 | AA132: ENTRANTE | AB132: FULL | AC132: 1164840372-149154302-20260511140558.mp3 | AE132: NAC-CEL | AF132: NACIONAL | AG132: PAIS-CELULAR | AH132: 0 | AI132: 0 | AJ132: 0 | AK132: 0 | AL132: BL | AM132: 3 | AN132: 559 | AO132: NotSet | AP132: 37 | AQ132: 0 | AR132: 0 | AT132: |0||SIP/SERVICIOS_SIP-0002e004|1778519209.188433|16:Normal Clearing|17:Network|15||-1|NotSet|
A133: =+CONCATENATE(DAY(V133),"/",MONTH(V133),"/",YEAR(V133),"")*1 -> 46153 | B133: =+Z133*1 -> 1132657276 | C133: =+AA133 -> ENTRANTE | D133: =VLOOKUP(Q133,Code!E:F,2,0) -> Admisiones | E133: Conectadas | F133: =+AP133 -> 37 | G133: =+S133 -> 26 | H133: =+HOUR(V133) -> 13 | I133: =IFERROR(VLOOKUP(B133,MATRICULAS!A:B,2,0),0)*1 -> 0 | J133: 20260511 | K133: 149153545 | L133: SERVICIOS_SIP | M133: NEO1 | N133: 0 | O133: 0 | P133: CAMPAÑA | Q133: 150 | R133: 8940 - Rodriguez, Maria Belén | S133: 26 | T133: ANSWER | U133: AGENT | V133: 46153.567 | W133: 46153.567 | X133: 46153.575 | Y133: 01152741410 | Z133: 1132657276 | AA133: ENTRANTE | AB133: FULL | AC133: 1132657276-149153545-20260511133653.mp3 | AE133: NAC-CEL | AF133: NACIONAL | AG133: PAIS-CELULAR | AH133: 0 | AI133: 0 | AJ133: 0 | AK133: 0 | AL133: BL | AM133: 3 | AN133: 669 | AO133: NotSet | AP133: 37 | AQ133: 0 | AR133: 0 | AT133: |0||SIP/SERVICIOS_SIP-0002d9d0|1778517463.186845|16:Normal Clearing|17:Network|4||-1|NotSet|
A134: =+CONCATENATE(DAY(V134),"/",MONTH(V134),"/",YEAR(V134),"")*1 -> 46153 | B134: =+Z134*1 -> 1164917299 | C134: =+AA134 -> ENTRANTE | D134: =VLOOKUP(Q134,Code!E:F,2,0) -> Admisiones | E134: Conectadas | F134: =+AP134 -> 37 | G134: =+S134 -> 26 | H134: =+HOUR(V134) -> 13 | I134: =IFERROR(VLOOKUP(B134,MATRICULAS!A:B,2,0),0)*1 -> 0 | J134: 20260511 | K134: 149153273 | L134: SERVICIOS_SIP | M134: NEO1 | N134: 0 | O134: 0 | P134: CAMPAÑA | Q134: 150 | R134: 8940 - Rodriguez, Maria Belén | S134: 26 | T134: ANSWER | U134: AGENT | V134: 46153.562 | W134: 46153.562 | X134: 46153.563 | Y134: 01152741410 | Z134: 1164917299 | AA134: ENTRANTE | AB134: FULL | AC134: 1164917299-149153273-20260511132843.mp3 | AE134: NAC-CEL | AF134: NACIONAL | AG134: PAIS-CELULAR | AH134: 0 | AI134: 0 | AJ134: 0 | AK134: 0 | AL134: BL | AM134: 3 | AN134: 151 | AO134: NotSet | AP134: 37 | AQ134: 201 | AR134: 2491213 | AT134: |0||SIP/SERVICIOS_SIP-0002d7c1|1778516973.186318|16:Normal Clearing|16:PBX|22|SIP/GQ117-0002d7da|-1|NotSet|
A135: =+CONCATENATE(DAY(V135),"/",MONTH(V135),"/",YEAR(V135),"")*1 -> 46153 | B135: =+Z135*1 -> 1140931107 | C135: =+AA135 -> ENTRANTE | D135: =VLOOKUP(Q135,Code!E:F,2,0) -> Admisiones | E135: Conectadas | F135: =+AP135 -> 37 | G135: =+S135 -> 26 | H135: =+HOUR(V135) -> 12 | I135: =IFERROR(VLOOKUP(B135,MATRICULAS!A:B,2,0),0)*1 -> 0 | J135: 20260511 | K135: 149152124 | L135: SERVICIOS_SIP | M135: NEO1 | N135: 0 | O135: 0 | P135: CAMPAÑA | Q135: 150 | R135: 8861 - Caceres, Martina | S135: 26 | T135: ANSWER | U135: AGENT | V135: 46153.532 | W135: 46153.532 | X135: 46153.539 | Y135: 01152741410 | Z135: 1140931107 | AA135: ENTRANTE | AB135: FULL | AC135: 1140931107-149152124-20260511124522.mp3 | AE135: NAC-CEL | AF135: NACIONAL | AG135: PAIS-CELULAR | AH135: 0 | AI135: 0 | AJ135: 0 | AK135: 0 | AL135: BL | AM135: 3 | AN135: 644 | AO135: NotSet | AP135: 37 | AQ135: 1 | AR135: 2493958 | AS135: May 11 2026 12:31PM | AT135: |0||SIP/SERVICIOS_SIP-0002ce8a|1778514373.183959|16:Normal Clearing|17:Network|1||-1|NotSet|
A136: =+CONCATENATE(DAY(V136),"/",MONTH(V136),"/",YEAR(V136),"")*1 -> 46153 | B136: =+Z136*1 -> 3547509029 | C136: =+AA136 -> ENTRANTE | D136: =VLOOKUP(Q136,Code!E:F,2,0) -> Admisiones | E136: Conectadas | F136: =+AP136 -> 37 | G136: =+S136 -> 26 | H136: =+HOUR(V136) -> 12 | I136: =IFERROR(VLOOKUP(B136,MATRICULAS!A:B,2,0),0)*1 -> 0 | J136: 20260511 | K136: 149150893 | L136: SERVICIOS_SIP | M136: NEO1 | N136: 0 | O136: 0 | P136: CAMPAÑA | Q136: 150 | R136: 8160 - QUEVEDO, JOAHANA | S136: 26 | T136: ANSWER | U136: AGENT | V136: 46153.509 | W136: 46153.509 | X136: 46153.511 | Y136: 01152741410 | Z136: 3547509029 | AA136: ENTRANTE | AB136: FULL | AC136: 3547509029-149150893-20260511121258.mp3 | AE136: NAC-CEL | AF136: NACIONAL | AG136: PAIS-CELULAR | AH136: 0 | AI136: 0 | AJ136: 0 | AK136: 0 | AL136: BL | AM136: 3 | AN136: 135 | AO136: NotSet | AP136: 37 | AQ136: 202 | AR136: 2491169 | AT136: |0||SIP/SERVICIOS_SIP-0002c5db|1778512428.181736|16:Normal Clearing|16:PBX|29|SIP/GQ135-0002c600|-1|NotSet|
A137: =+CONCATENATE(DAY(V137),"/",MONTH(V137),"/",YEAR(V137),"")*1 -> 46153 | B137: =+Z137*1 -> 1126083083 | C137: =+AA137 -> ENTRANTE | D137: =VLOOKUP(Q137,Code!E:F,2,0) -> Admisiones | E137: Conectadas | F137: =+AP137 -> 37 | G137: =+S137 -> 26 | H137: =+HOUR(V137) -> 11 | I137: =IFERROR(VLOOKUP(B137,MATRICULAS!A:B,2,0),0)*1 -> 0 | J137: 20260511 | K137: 149148552 | L137: SERVICIOS_SIP | M137: NEO1 | N137: 0 | O137: 0 | P137: CAMPAÑA | Q137: 150 | R137: 8861 - Caceres, Martina | S137: 26 | T137: ANSWER | U137: AGENT | V137: 46153.477 | W137: 46153.477 | X137: 46153.485 | Y137: 01152741410 | Z137: 1126083083 | AA137: ENTRANTE | AB137: FULL | AC137: 1126083083-149148552-20260511112621.mp3 | AE137: LOC-FIJO | AF137: LOCAL-FIJO | AG137: LOCAL-FIJO | AH137: 0 | AI137: 0 | AJ137: 0 | AK137: 0 | AL137: BL | AM137: 3 | AN137: 757 | AO137: NotSet | AP137: 37 | AQ137: 202 | AR137: 2493889 | AT137: |0||SIP/SERVICIOS_SIP-0002b60c|1778509631.177688|16:Normal Clearing|17:Network|31||-1|NotSet|
A138: =+CONCATENATE(DAY(V138),"/",MONTH(V138),"/",YEAR(V138),"")*1 -> 46153 | B138: =+Z138*1 -> 3855078661 | C138: =+AA138 -> ENTRANTE | D138: =VLOOKUP(Q138,Code!E:F,2,0) -> Admisiones | E138: Conectadas | F138: =+AP138 -> 37 | G138: =+S138 -> 26 | H138: =+HOUR(V138) -> 10 | I138: =IFERROR(VLOOKUP(B138,MATRICULAS!A:B,2,0),0)*1 -> 0 | J138: 20260511 | K138: 149147620 | L138: SERVICIOS_SIP | M138: NEO1 | N138: 0 | O138: 0 | P138: CAMPAÑA | Q138: 150 | R138: 8861 - Caceres, Martina | S138: 26 | T138: ANSWER | U138: AGENT | V138: 46153.457 | W138: 46153.457 | X138: 46153.463 | Y138: 01152741410 | Z138: 3855078661 | AA138: ENTRANTE | AB138: FULL | AC138: 3855078661-149147620-20260511105825.mp3 | AE138: NAC-CEL | AF138: NACIONAL | AG138: PAIS-CELULAR | AH138: 0 | AI138: 0 | AJ138: 0 | AK138: 0 | AL138: BL | AM138: 3 | AN138: 466 | AO138: NotSet | AP138: 37 | AQ138: 1 | AR138: 2493860 | AT138: |0||SIP/SERVICIOS_SIP-0002af40|1778507956.175947|16:Normal Clearing|17:Network|25||-1|NotSet|
A139: =+CONCATENATE(DAY(V139),"/",MONTH(V139),"/",YEAR(V139),"")*1 -> 46153 | B139: =+Z139*1 -> 1154662794 | C139: =+AA139 -> ENTRANTE | D139: =VLOOKUP(Q139,Code!E:F,2,0) -> Admisiones | E139: Conectadas | F139: =+AP139 -> 37 | G139: =+S139 -> 26 | H139: =+HOUR(V139) -> 10 | I139: =IFERROR(VLOOKUP(B139,MATRICULAS!A:B,2,0),0)*1 -> 0 | J139: 20260511 | K139: 149147487 | L139: SERVICIOS_SIP | M139: NEO1 | N139: 0 | O139: 0 | P139: CAMPAÑA | Q139: 150 | R139: 8160 - QUEVEDO, JOAHANA | S139: 26 | T139: ANSWER | U139: AGENT | V139: 46153.456 | W139: 46153.456 | X139: 46153.458 | Y139: 01152741410 | Z139: 1154662794 | AA139: ENTRANTE | AB139: FULL | AC139: 1154662794-149147487-20260511105611.mp3 | AE139: NAC-CEL | AF139: NACIONAL | AG139: PAIS-CELULAR | AH139: 0 | AI139: 0 | AJ139: 0 | AK139: 0 | AL139: BL | AM139: 3 | AN139: 168 | AO139: NotSet | AP139: 37 | AQ139: 175 | AR139: 2305504 | AT139: |0||SIP/SERVICIOS_SIP-0002ae7c|1778507822.175751|16:Normal Clearing|16:PBX|26|SIP/GQ135-0002ae9f|-1|NotSet|
A140: =+CONCATENATE(DAY(V140),"/",MONTH(V140),"/",YEAR(V140),"")*1 -> 46153 | B140: =+Z140*1 -> 2932533562 | C140: =+AA140 -> ENTRANTE | D140: =VLOOKUP(Q140,Code!E:F,2,0) -> Admisiones | E140: Conectadas | F140: =+AP140 -> 37 | G140: =+S140 -> 26 | H140: =+HOUR(V140) -> 10 | I140: =IFERROR(VLOOKUP(B140,MATRICULAS!A:B,2,0),0)*1 -> 0 | J140: 20260511 | K140: 149146489 | L140: SERVICIOS_SIP | M140: NEO1 | N140: 0 | O140: 0 | P140: CAMPAÑA | Q140: 150 | R140: 8861 - Caceres, Martina | S140: 26 | T140: ANSWER | U140: AGENT | V140: 46153.439 | W140: 46153.439 | X140: 46153.446 | Y140: 01152741410 | Z140: 2932533562 | AA140: ENTRANTE | AB140: FULL | AC140: 2932533562-149146489-20260511103227.mp3 | AE140: NAC-CEL | AF140: NACIONAL | AG140: PAIS-CELULAR | AH140: 0 | AI140: 0 | AJ140: 0 | AK140: 0 | AL140: BL | AM140: 3 | AN140: 610 | AO140: NotSet | AP140: 37 | AQ140: 1 | AR140: 1809820 | AS140: Feb 28 2025 6:24PM | AT140: |0||SIP/SERVICIOS_SIP-0002a7be|1778506398.174025|16:Normal Clearing|17:Network|27||-1|NotSet|
A141: =+CONCATENATE(DAY(V141),"/",MONTH(V141),"/",YEAR(V141),"")*1 -> 46153 | B141: =+Z141*1 -> 1153405953 | C141: =+AA141 -> ENTRANTE | D141: =VLOOKUP(Q141,Code!E:F,2,0) -> Admisiones | E141: Conectadas | F141: =+AP141 -> 37 | G141: =+S141 -> 26 | H141: =+HOUR(V141) -> 10 | I141: =IFERROR(VLOOKUP(B141,MATRICULAS!A:B,2,0),0)*1 -> 0 | J141: 20260511 | K141: 149146017 | L141: SERVICIOS_SIP | M141: NEO1 | N141: 0 | O141: 0 | P141: CAMPAÑA | Q141: 150 | R141: 8861 - Caceres, Martina | S141: 26 | T141: ANSWER | U141: AGENT | V141: 46153.429 | W141: 46153.429 | X141: 46153.431 | Y141: 01152741410 | Z141: 1153405953 | AA141: ENTRANTE | AB141: FULL | AC141: 1153405953-149146017-20260511101809.mp3 | AE141: NAC-CEL | AF141: NACIONAL | AG141: PAIS-CELULAR | AH141: 0 | AI141: 0 | AJ141: 0 | AK141: 0 | AL141: BL | AM141: 3 | AN141: 152 | AO141: NotSet | AP141: 37 | AQ141: 1 | AR141: 1511200 | AS141: Jul 29 2024 1:36PM | AT141: |0||SIP/SERVICIOS_SIP-0002a460|1778505540.173163|16:Normal Clearing|17:Network|7||-1|NotSet|
...

Sheet Tabla dinamica
B1: 0800-222-3340
B7: Lunes | C7: =TEXT(C9,"dddd") -> martes | D7: =TEXT(D9,"dddd") -> miércoles | E7: =TEXT(E9,"dddd") -> jueves | F7: =TEXT(F9,"dddd") -> viernes | G7: =TEXT(G9,"dddd") -> lunes | H7: =TEXT(H9,"dddd") -> martes | I7: =TEXT(I9,"dddd") -> miércoles | J7: =TEXT(J9,"dddd") -> jueves | ... W7: =TEXT(W9,"dddd") -> sábado
A8: Fecha. | B8: Etiquetas de columna
A9: Horario | B9: 46146 | C9: 46147 | D9: 46148 | E9: 46149 | F9: 46150 | G9: 46153 | H9: 46154 | I9: 46155 | J9: 46156 | K9: 46157 | L9: 46160 | M9: 46161 | N9: 46162 | O9: 46163 | P9: 46164 | Q9: 46168 | R9: 46169 | S9: 46170 | T9: 46171 | U9: Total general
A10: 9 | B10: 3 | D10: 2 | E10: 3 | F10: 1 | G10: 2 | H10: 2 | J10: 1 | L10: 2 | N10: 2 | O10: 1 | P10: 6 | Q10: 2 | R10: 2 | S10: 3 | T10: 1 | U10: 33
A11: 10 | B11: 5 | C11: 2 | D11: 3 | E11: 4 | F11: 3 | G11: 5 | I11: 3 | J11: 3 | K11: 2 | L11: 4 | N11: 1 | O11: 5 | P11: 2 | Q11: 4 | R11: 3 | S11: 5 | U11: 54
A12: 11 | B12: 4 | C12: 3 | D12: 1 | E12: 2 | F12: 1 | G12: 1 | H12: 4 | I12: 2 | K12: 3 | L12: 5 | M12: 2 | N12: 2 | O12: 3 | P12: 3 | Q12: 6 | R12: 3 | S12: 1 | T12: 1 | U12: 47
A13: 12 | B13: 2 | C13: 1 | D13: 5 | E13: 2 | F13: 3 | G13: 2 | H13: 4 | K13: 3 | L13: 6 | M13: 3 | P13: 1 | Q13: 2 | S13: 3 | T13: 1 | U13: 38
A14: 13 | B14: 1 | C14: 1 | D14: 2 | F14: 4 | G14: 2 | H14: 2 | J14: 3 | K14: 2 | L14: 2 | M14: 3 | N14: 5 | O14: 1 | P14: 2 | Q14: 2 | R14: 2 | S14: 3 | T14: 2 | U14: 39
A15: 14 | B15: 4 | C15: 2 | D15: 2 | E15: 1 | F15: 2 | G15: 2 | H15: 1 | J15: 2 | L15: 1 | M15: 2 | O15: 3 | P15: 2 | Q15: 2 | R15: 1 | S15: 2 | U15: 29
A16: 15 | B16: 1 | C16: 3 | E16: 2 | F16: 2 | G16: 2 | H16: 4 | I16: 2 | K16: 1 | L16: 2 | M16: 4 | N16: 1 | P16: 1 | Q16: 1 | R16: 2 | S16: 1 | T16: 1 | U16: 30
A17: 16 | B17: 4 | C17: 3 | D17: 5 | F17: 1 | G17: 4 | H17: 2 | I17: 1 | J17: 3 | K17: 3 | L17: 1 | M17: 2 | N17: 1 | O17: 1 | Q17: 1 | R17: 2 | S17: 2 | T17: 3 | U17: 39
A18: 17 | B18: 1 | C18: 2 | D18: 2 | E18: 1 | F18: 1 | H18: 1 | I18: 2 | K18: 3 | L18: 3 | M18: 4 | N18: 1 | O18: 3 | P18: 1 | Q18: 4 | R18: 1 | S18: 3 | T18: 3 | U18: 36
A19: 18 | B19: 2 | C19: 4 | D19: 3 | E19: 1 | H19: 1 | I19: 3 | M19: 3 | N19: 1 | O19: 4 | Q19: 1 | R19: 1 | U19: 24
A20: 19 | B20: 2 | D20: 1 | G20: 1 | H20: 3 | J20: 1 | K20: 4 | L20: 2 | M20: 1 | N20: 2 | O20: 1 | T20: 4 | U20: 22
A21: 20 | C21: 2 | D21: 4 | E21: 3 | G21: 3 | H21: 1 | I21: 1 | J21: 1 | L21: 1 | N21: 2 | O21: 1 | P21: 1 | Q21: 1 | R21: 1 | T21: 1 | U21: 23
A22: Total general | B22: 29 | C22: 23 | D22: 30 | E22: 19 | F22: 18 | G22: 24 | H22: 25 | I22: 14 | J22: 14 | K22: 21 | L22: 29 | M22: 24 | N22: 18 | O22: 23 | P22: 19 | Q22: 26 | R22: 18 | S22: 23 | T22: 17 | U22: 414
A23: Horas | B23: Llamadas
A24: 9 | B24: =+GETPIVOTDATA("fecha real",$A$8,"hora de contacta",9) -> 33
A25: 10 | B25: =+GETPIVOTDATA("fecha real",$A$8,"hora de contacta",10) -> 54
A26: 11 | B26: =+GETPIVOTDATA("fecha real",$A$8,"hora de contacta",11) -> 47
A27: 12 | B27: =+GETPIVOTDATA("fecha real",$A$8,"hora de contacta",12) -> 38
A28: 13 | B28: =+GETPIVOTDATA("fecha real",$A$8,"hora de contacta",13) -> 39
A29: 14 | B29: =+GETPIVOTDATA("fecha real",$A$8,"hora de contacta",14) -> 29
A30: 15 | B30: =+GETPIVOTDATA("fecha real",$A$8,"hora de contacta",15) -> 30
A31: 16 | B31: =+GETPIVOTDATA("fecha real",$A$8,"hora de contacta",16) -> 39
A32: 17 | B32: =+GETPIVOTDATA("fecha real",$A$8,"hora de contacta",17) -> 36
A33: 18 | B33: =+GETPIVOTDATA("fecha real",$A$8,"hora de contacta",18) -> 24
A34: 19 | B34: =+GETPIVOTDATA("fecha real",$A$8,"hora de contacta",19) -> 22
A35: 20 | B35: =+GETPIVOTDATA("fecha real",$A$8,"hora de contacta",20) -> 23
A36: Total general | B36: =+SUM(B24:B34) -> 391

Sheet MATRICULAS
A1: Telefono | B1: ASA
A2: 43763632 | B2: 1
A3: 2235907995 | B3: 1
A4: 2964696700 | B4: 1
A5: 2995954223 | B5: 1
A6: 3704773824 | B6: 1
A7: 3624206505 | B7: 1
A8: 2614180707 | B8: 1
A9: 1163767740 | B9: 1
A10: 2994515454 | B10: 1
A11: 2645284787 | B11: 1
A12: 3735442634 | B12: 1
A13: 3875185276 | B13: 1
... A617: 2974701238 | B617: 1
B618: 1
B619: 1
B620: 1
B621: 1
B622: 1
B623: 1
B624: 1
B625: 1
B626: 1
B627: 1
B628: 1
B629: 1
... B8180: 1

Sheet Hoja3
A1: Linea | B1: AS
A2: 2974710793 | B2: 1
A3: 1151125419 | B3: 1
A4: 1136805781 | B4: 1
A5: 1133865407 | B5: 1
A6: 3758458760 | B6: 1
A7: 1168496167 | B7: 1
A8: 1150581075 | B8: 1
A9: 1158960601 | B9: 1
A10: 3434285285 | B10: 1
A11: 1154105594 | B11: 1
A12: 3456028486 | B12: 1
A13: 2966713589 | B13: 1
... A94: 2284679325 | B94: 1

Sheet Entrantes admisiones
A1: fecha real | B1: (Todas)
A3: Etiquetas de fila | B3: Cuenta de Conexión | C3: %
A4: Conectadas | B4: 414 | C4: 1
A5: 9 | B5: 33 | C5: 0.079710145
A6: 10 | B6: 54 | C6: 0.13043478
A7: 11 | B7: 47 | C7: 0.11352657
A8: 12 | B8: 38 | C8: 0.09178744
A9: 13 | B9: 39 | C9: 0.094202899
A10: 14 | B10: 29 | C10: 0.070048309
A11: 15 | B11: 30 | C11: 0.072463768
A12: 16 | B12: 39 | C12: 0.094202899
A13: 17 | B13: 36 | C13: 0.086956522
A14: 18 | B14: 24 | C14: 0.057971014
A15: 19 | B15: 22 | C15: 0.053140097
A16: 20 | B16: 23 | C16: 0.055555556
A17: Total general | B17: 414 | C17: 1
I19: Atendidas | J19: Perdidas
I20: =+GETPIVOTDATA("Cuenta de Conexión",$A$3,"Conexión","Conectadas") -> 414 | J20: =+GETPIVOTDATA("Cuenta de Conexión",$A$3,"Conexión","Perdidas") -> #REF!
D22: la llamdas en servicios tienenen que ser crm 37 y 50 para que se cuenten las llamdas conectadas y perdidas

Sheet Code
A1: CANAL | B1: PUERTO | E1: Campaña | F1: ENTIDAD | I1: llamdas | J1: coordenadas | R1: 50
A2: Puerto4D4 | B2: Chipera | E2: 90 | F2: Servicios | I2: FULL | J2: Conectadas | R2: 37
A3: Puerto26D4 | B3: Chipera | E3: 95 | F3: Admisiones | I3: NULL | J3: Perdidas | R3: 0
A4: Puerto24D4 | B4: Chipera | E4: 97 | F4: Admisiones
A5: Puerto6D4 | B5: Chipera | E5: 150 | F5: Admisiones
A6: Puerto18D4 | B6: Chipera
A7: Puerto28D4 | B7: Chipera
A8: Puerto30D4 | B8: Chipera
A9: Puerto25D4 | B9: Chipera
A10: Puerto15D4 | B10: Chipera
A11: Puerto11D4 | B11: Chipera
A12: Puerto20D4 | B12: Chipera
A13: Puerto12D4 | B13: Chipera
A14: Puerto8D4 | B14: Chipera
A15: Puerto32D4 | B15: Chipera
A16: Puerto27D4 | B16: Chipera
A17: Puerto23D4 | B17: Chipera
... A34: 100 | B34: Anura
